-- phpMyAdmin SQL Dump
-- version 5.2.1
-- https://www.phpmyadmin.net/
--
-- Servidor: 127.0.0.1
-- Tiempo de generación: 04-06-2025 a las 19:30:24
-- Versión del servidor: 10.4.32-MariaDB
-- Versión de PHP: 8.2.12

SET SQL_MODE = "NO_AUTO_VALUE_ON_ZERO";
START TRANSACTION;
SET time_zone = "+00:00";


/*!40101 SET @OLD_CHARACTER_SET_CLIENT=@@CHARACTER_SET_CLIENT */;
/*!40101 SET @OLD_CHARACTER_SET_RESULTS=@@CHARACTER_SET_RESULTS */;
/*!40101 SET @OLD_COLLATION_CONNECTION=@@COLLATION_CONNECTION */;
/*!40101 SET NAMES utf8mb4 */;

--
-- Base de datos: `magic_portal`
--

-- --------------------------------------------------------

--
-- Estructura de tabla para la tabla `cartas`
--

DROP TABLE IF EXISTS `cartas`;
CREATE TABLE `cartas` (
  `id` int(11) NOT NULL,
  `nombre` varchar(50) NOT NULL,
  `mana_rojo` int(11) NOT NULL DEFAULT 0,
  `mana_azul` int(11) NOT NULL DEFAULT 0,
  `mana_verde` int(11) NOT NULL DEFAULT 0,
  `mana_negro` int(11) NOT NULL DEFAULT 0,
  `mana_blanco` int(11) NOT NULL DEFAULT 0,
  `mana_neutro` int(11) NOT NULL DEFAULT 0,
  `tipo_carta` int(11) NOT NULL,
  `legendaria` tinyint(4) NOT NULL DEFAULT 0,
  `ataque` int(11) DEFAULT NULL,
  `defensa` int(11) DEFAULT NULL,
  `img` varchar(255) NOT NULL
) ENGINE=InnoDB DEFAULT CHARSET=utf8mb4 COLLATE=utf8mb4_general_ci;

--
-- Volcado de datos para la tabla `cartas`
--

INSERT INTO `cartas` (`id`, `nombre`, `mana_rojo`, `mana_azul`, `mana_verde`, `mana_negro`, `mana_blanco`, `mana_neutro`, `tipo_carta`, `legendaria`, `ataque`, `defensa`, `img`) VALUES
(1, 'Garth el Tuerto', 1, 1, 1, 1, 1, 0, 1, 1, 5, 5, 'mh2-197-garth-one-eye.jpg'),
(2, 'Marina Vendrell', 1, 1, 1, 1, 1, 0, 1, 1, 3, 5, 'dsk-221-marina-vendrell.jpg'),
(3, 'Santuario de todos', 1, 1, 1, 1, 1, 0, 4, 1, NULL, NULL, 'm21-225-sanctum-of-all.jpg'),
(4, 'Reminiscencia ancestral', 1, 1, 0, 0, 0, 3, 2, 0, NULL, NULL, 'lci-45-ancestral-reminiscence.jpg'),
(5, 'Reto arcano', 0, 2, 0, 0, 0, 5, 2, 0, NULL, NULL, 'afc-14-arcane-endeavor.jpg'),
(6, 'Atraco arcano', 0, 2, 0, 0, 0, 2, 2, 0, NULL, NULL, 'otc-13-arcane-heist.jpg'),
(7, 'Pericia de Baral', 0, 2, 0, 0, 0, 3, 2, 0, NULL, NULL, 'otc-91-baral-s-expertise.jpg'),
(8, 'Vínculo de Perspicacia', 0, 1, 0, 0, 0, 3, 2, 0, NULL, NULL, 'war-43-bond-of-insight.jpg'),
(9, 'Hechicera de mente extraña', 0, 1, 0, 0, 0, 4, 1, 0, 3, 4, 'afr-44-aberrant-mind-sorcerer.jpg'),
(10, 'Ojo aberrante', 0, 1, 0, 0, 0, 2, 1, 0, 5, 5, 'dsk-42-abhorrent-oculus.jpg'),
(11, 'Draco de la Academia', 0, 1, 0, 0, 0, 2, 1, 0, 2, 2, 'dom-40-academy-drake.jpg'),
(12, 'Aeromiba', 0, 1, 0, 0, 0, 3, 1, 0, 2, 4, 'mh2-37-aeromoeba.jpg'),
(13, 'Eterplasma', 0, 2, 0, 0, 0, 2, 1, 0, 1, 1, 'rvr-34-aetherplasm.jpg'),
(14, 'Ráfaga de éter', 0, 1, 0, 0, 0, 1, 3, 0, NULL, NULL, 'm20-42-aether-gust.jpg'),
(15, 'Descarga de éter', 0, 1, 0, 0, 0, 1, 3, 0, NULL, NULL, 'mh3-50-aether-spike.jpg'),
(16, 'Confundir', 0, 1, 0, 0, 0, 2, 3, 0, NULL, NULL, 'm20-47-befuddle.jpg'),
(17, 'Perspicacia de la quimista', 0, 1, 0, 0, 0, 3, 3, 0, NULL, NULL, 'c20-108-chemister-s-insight.jpg'),
(18, 'Código de represión', 0, 1, 0, 0, 0, 2, 3, 0, NULL, NULL, 'rna-35-code-of-constraint.jpg'),
(19, 'Aguacero anfibio', 0, 1, 0, 0, 0, 2, 4, 0, NULL, NULL, 'mh3-51-amphibian-downpour.jpg'),
(20, 'Forma acuosa', 0, 1, 0, 0, 0, 0, 4, 0, NULL, NULL, 'cmr-56-aqueous-form.jpg'),
(21, 'Amnesia de Ashiok', 0, 2, 0, 0, 0, 2, 4, 0, NULL, NULL, 'thb-43-ashiok-s-erasure.jpg'),
(22, 'Piratería costera', 0, 2, 0, 0, 0, 2, 4, 0, NULL, NULL, 'acr-84-coastal-piracy.jpg'),
(23, 'Encantamiento copia', 0, 1, 0, 0, 0, 2, 4, 0, NULL, NULL, 'rvr-39-copy-enchantment.jpg'),
(24, 'Guantelete de Asesino', 0, 1, 0, 0, 0, 2, 5, 0, NULL, NULL, 'acr-12-assassin-gauntlet.jpg'),
(25, 'Candelero', 0, 1, 0, 0, 0, 0, 5, 0, NULL, NULL, 'mkm-43-candlestick.jpg'),
(26, 'Calavera de cristal, catalejo Isu', 0, 2, 0, 0, 0, 2, 5, 1, NULL, NULL, 'acr-15-crystal-skull-isu-spyglass.jpg'),
(27, 'Puerta rompecabezas de Orazca', 0, 1, 0, 0, 0, 0, 5, 0, NULL, NULL, 'lci-68-orazca-puzzle-door.jpg'),
(28, 'Vara de la absorción', 0, 1, 0, 0, 0, 2, 5, 0, NULL, NULL, 'afc-19-rod-of-absorption.jpg'),
(29, 'Jace, náufrago astuto', 0, 2, 0, 0, 0, 1, 7, 1, NULL, NULL, 'xln-60-jace-cunning-castaway.jpg'),
(30, 'Jace, resucitado', 0, 2, 0, 0, 0, 0, 7, 1, NULL, NULL, 'otj-271-jace-reawakened.jpg'),
(31, 'Jace, mago reflejado', 0, 2, 0, 0, 0, 1, 7, 1, NULL, NULL, 'znr-63-jace-mirror-mage.jpg'),
(32, 'Mu Yanling, Viento Celestial', 0, 2, 0, 0, 0, 4, 7, 1, NULL, NULL, 'm20-286-mu-yanling-celestial-wind.jpg'),
(33, 'Teferi, Maestro del Tiempo', 0, 2, 0, 0, 0, 2, 7, 1, NULL, NULL, 'm21-75-teferi-master-of-time.jpg'),
(34, 'Akroma, ángel de furia', 3, 0, 0, 0, 0, 5, 1, 1, 6, 6, 'tsr-150-akroma-angel-of-fury.jpg'),
(35, 'Infernal tectónico', 2, 0, 0, 0, 0, 5, 1, 0, 8, 5, 'c19-29-tectonic-hellion.jpg'),
(36, 'Venganza acechante', 2, 0, 0, 0, 0, 5, 1, 0, 5, 5, 'rvr-126-stalking-vengeance.jpg'),
(37, 'Devastasantuarios', 2, 0, 0, 0, 0, 4, 1, 0, 6, 4, 'iko-135-sanctuary-smasher.jpg'),
(38, 'Celebrantes salvajes', 2, 0, 0, 0, 0, 3, 1, 0, 5, 3, 'cmr-212-wild-celebrants.jpg'),
(39, 'Saludo del alquimista', 1, 0, 0, 0, 0, 4, 2, 0, NULL, NULL, 'c19-133-alchemist-s-greeting.jpg'),
(40, 'Estragos de Anzrag', 2, 0, 0, 0, 0, 3, 2, 0, NULL, NULL, 'mkm-111-anzrag-s-rampage.jpg'),
(41, 'Cúspide del poder', 3, 0, 0, 0, 0, 7, 2, 0, NULL, NULL, 'afc-114-apex-of-power.jpg'),
(42, 'Cuchilla arqueada', 2, 0, 0, 0, 0, 3, 2, 0, NULL, NULL, 'tsr-152-arc-blade.jpg'),
(43, 'Vínculo de pasión', 2, 0, 0, 0, 0, 4, 2, 0, NULL, NULL, 'war-116-bond-of-passion.jpg'),
(44, 'Agravio antiguo', 1, 0, 0, 0, 0, 1, 3, 0, NULL, NULL, 'tsr-151-ancient-grudge.jpg'),
(45, 'Frenesí de berserker', 1, 0, 0, 0, 0, 2, 3, 0, NULL, NULL, 'afc-29-berserker-s-frenzy.jpg'),
(46, 'Trato del traidor', 1, 0, 0, 0, 0, 1, 3, 0, NULL, NULL, 'dsk-126-betrayer-s-bargain.jpg'),
(47, 'Hacerse de oro', 1, 0, 0, 0, 0, 3, 3, 0, NULL, NULL, 'blc-193-big-score.jpg'),
(48, 'Picado de la Rapaz del Trueno', 1, 0, 0, 0, 0, 1, 3, 0, NULL, NULL, 'iko-109-blitz-of-the-thunder-raptor.jpg'),
(49, 'Revuelta del éter', 2, 0, 0, 0, 0, 2, 4, 0, NULL, NULL, 'mh3-113-aether-revolt.jpg'),
(50, 'Luna alpina', 1, 0, 0, 0, 0, 0, 4, 0, NULL, NULL, 'm19-128-alpine-moon.jpg'),
(51, 'Bombardeo arcano', 2, 0, 0, 0, 0, 4, 4, 0, NULL, NULL, 'otc-154-arcane-bombardment.jpg'),
(52, 'Aria de la llama', 1, 0, 0, 0, 0, 2, 4, 0, NULL, NULL, 'mh1-118-aria-of-flame.jpg'),
(53, 'Embestida de berserkers', 2, 0, 0, 0, 0, 3, 4, 0, NULL, NULL, 'blc-192-berserkers-onslaught.jpg'),
(54, 'Acerosolar ardiente', 1, 0, 0, 0, 0, 1, 5, 0, NULL, NULL, 'cmr-364-blazing-sunsteel.jpg'),
(55, 'Motosierra', 1, 0, 0, 0, 0, 1, 5, 0, NULL, NULL, 'dsk-128-chainsaw.jpg'),
(56, 'Regulador de Chandra', 1, 0, 0, 0, 0, 1, 5, 1, NULL, NULL, 'm20-131-chandra-s-regulator.jpg'),
(57, 'Espejo maldito', 1, 0, 0, 0, 0, 2, 5, 0, NULL, NULL, 'mh3-279-cursed-mirror.jpg'),
(58, 'Percusionista mecánico', 1, 0, 0, 0, 0, 0, 5, 0, NULL, NULL, 'dsk-130-clockwork-percussionist.jpg'),
(59, 'Jaya, piromante venerada', 1, 0, 0, 0, 0, 4, 7, 1, NULL, NULL, 'war-135-jaya-venerated-firemage.jpg'),
(60, 'Lukka, paria de las Capas de Cobre', 2, 0, 0, 0, 0, 3, 7, 1, NULL, NULL, 'iko-125-lukka-coppercoat-outcast.jpg'),
(61, 'Jeska, renacida tres veces', 1, 0, 0, 0, 0, 2, 7, 1, NULL, NULL, 'cmr-186-jeska-thrice-reborn.jpg'),
(62, 'Zariel, archiduquesa de Averno', 2, 0, 0, 0, 0, 2, 7, 1, NULL, NULL, 'afr-172-zariel-archduke-of-avernus.jpg'),
(63, 'Chandra, acólita de la llama', 2, 0, 0, 0, 0, 1, 7, 1, NULL, NULL, 'm20-126-chandra-acolyte-of-flame.jpg'),
(64, 'Aeve, cieno progenitor', 0, 0, 3, 0, 0, 2, 1, 1, 2, 2, 'mh2-148-aeve-progenitor-ooze.jpg'),
(65, 'Analista de consecuencias', 0, 0, 1, 0, 0, 1, 1, 0, 1, 3, 'mkm-148-aftermath-analyst.jpg'),
(66, 'Sobreviviente ainok', 0, 0, 1, 0, 0, 1, 1, 0, 2, 1, 'c19-156-ainok-survivalist.jpg'),
(67, 'Víbora emboscadora', 0, 0, 1, 0, 0, 1, 1, 0, 2, 1, 'cmr-213-ambush-viper.jpg'),
(68, 'Yerbamala poderosa', 0, 0, 1, 0, 0, 0, 1, 0, 1, 1, 'iko-143-almighty-brushwagg.jpg'),
(69, 'Analizar el polen', 0, 0, 1, 0, 0, 0, 2, 0, NULL, NULL, 'mkm-150-analyze-the-pollen.jpg'),
(70, 'Audiencia con Trostani', 0, 0, 1, 0, 0, 2, 2, 0, NULL, NULL, 'mkm-152-audience-with-trostani.jpg'),
(71, 'Mordisco justiciero', 0, 0, 1, 0, 0, 3, 2, 0, NULL, NULL, 'mkm-154-bite-down-on-crime.jpg'),
(72, 'Carga de la Bestia Infinita', 0, 0, 1, 0, 0, 2, 2, 0, NULL, NULL, 'iko-147-charge-of-the-forever-beast.jpg'),
(73, 'Maravillas antiguas', 0, 0, 2, 0, 0, 0, 2, 0, NULL, NULL, 'lcc-89-bygone-marvels.jpg'),
(74, 'Decreto de salvajismo', 0, 0, 2, 0, 0, 7, 3, 0, NULL, NULL, 'afc-156-decree-of-savagery.jpg'),
(75, 'Invocaciones de la estirpe', 0, 0, 2, 0, 0, 5, 3, 0, NULL, NULL, 'afc-163-kindred-summons.jpg'),
(76, 'Recompensa de poder', 0, 0, 2, 0, 0, 4, 3, 0, NULL, NULL, 'grn-124-bounty-of-might.jpg'),
(77, 'Regreso del Portavoz Salvaje', 0, 0, 1, 0, 0, 4, 3, 0, NULL, NULL, 'otc-203-return-of-the-wildspeaker.jpg'),
(78, 'Rebaño curioso', 0, 0, 1, 0, 0, 3, 3, 0, NULL, NULL, 'c20-59-curious-herd.jpg'),
(79, 'Un asesino entre nosotros', 0, 0, 1, 0, 0, 4, 4, 0, NULL, NULL, 'mkm-167-a-killer-among-us.jpg'),
(80, 'Coartada perfecta', 0, 0, 1, 0, 0, 2, 4, 0, NULL, NULL, 'mkm-149-airtight-alibi.jpg'),
(81, 'Ascenso del domador', 0, 0, 1, 0, 0, 2, 4, 0, NULL, NULL, 'blc-118-beastmaster-ascension.jpg'),
(82, 'Ritual de nacimiento', 0, 0, 1, 0, 0, 1, 4, 0, NULL, NULL, 'mh3-146-birthing-ritual.jpg'),
(83, 'Influencia de Ayula', 0, 0, 3, 0, 0, 0, 4, 0, NULL, NULL, 'mh1-156-ayula-s-influence.jpg'),
(84, 'Cornucopia antigua', 0, 0, 1, 0, 0, 2, 5, 0, NULL, NULL, 'big-16-ancient-cornucopia.jpg'),
(85, 'Bolsa de trucos', 0, 0, 1, 0, 0, 1, 5, 0, NULL, NULL, 'afc-37-bag-of-tricks.jpg'),
(86, 'Llamacomida', 0, 0, 1, 0, 0, 2, 5, 0, NULL, NULL, 'blc-211-chitterspitter.jpg'),
(87, 'Alijo de explorador', 0, 0, 1, 0, 0, 1, 5, 0, NULL, NULL, 'lci-184-explorer-s-cache.jpg'),
(88, 'Guadaña malamet', 0, 0, 1, 0, 0, 2, 5, 0, NULL, NULL, 'lci-200-malamet-scythe.jpg'),
(89, 'Ellywick Rasguereta', 0, 0, 2, 0, 0, 2, 7, 1, NULL, NULL, 'afr-181-ellywick-tumblestrum.jpg'),
(90, 'Garruk, desatado', 0, 0, 2, 0, 0, 2, 7, 1, NULL, NULL, 'm21-183-garruk-unleashed.jpg'),
(91, 'Vivien, Exploradora del Animarco', 0, 0, 3, 0, 0, 1, 7, 1, NULL, NULL, 'm20-199-vivien-arkbow-ranger.jpg'),
(92, 'Vivien, defensora de los monstruos', 0, 0, 2, 0, 0, 3, 7, 1, NULL, NULL, 'iko-175-vivien-monsters-advocate.jpg'),
(93, 'Nissa, la que Sacude el Mundo', 0, 0, 3, 0, 0, 2, 7, 1, NULL, NULL, 'war-169-nissa-who-shakes-the-world.jpg'),
(94, 'Rastreacrúor abismal', 0, 0, 0, 2, 0, 4, 1, 0, 6, 6, 'lci-87-abyssal-gorestalker.jpg'),
(95, 'Espectro abismal', 0, 0, 0, 2, 0, 2, 1, 0, 2, 3, 'ps11-60-abyssal-specter.jpg'),
(96, 'Acererak, el Archiliche', 0, 0, 0, 1, 0, 2, 1, 1, 5, 5, 'afr-87-acererak-the-archlich.jpg'),
(97, 'Aclazotz, Traición Primigenia', 0, 0, 0, 2, 0, 3, 1, 1, 4, 4, 'lci-88-aclazotz-deepest-betrayal.jpg'),
(98, 'Gigápodo emboscador', 0, 0, 0, 2, 0, 4, 1, 0, 6, 2, 'otj-77-ambush-gigapede.jpg'),
(99, 'Ayudar a los caídos', 0, 0, 0, 1, 0, 1, 2, 0, NULL, NULL, 'war-76-aid-the-fallen.jpg'),
(100, 'Dragado de Afetto', 0, 0, 0, 1, 0, 3, 2, 0, NULL, NULL, 'psal-D40-aphetto-dredging.jpg'),
(101, 'Asesinar', 0, 0, 0, 1, 0, 2, 2, 0, NULL, NULL, 'tsr-101-assassinate.jpg'),
(102, 'Despertar a los Arcaicos', 0, 0, 0, 2, 0, 3, 2, 0, NULL, NULL, 'rna-61-awaken-the-erstwhile.jpg'),
(103, 'Faro de desasosiego', 0, 0, 0, 2, 0, 3, 2, 0, NULL, NULL, 'c19-105-beacon-of-unrest.jpg'),
(104, 'Resistencia anormal', 0, 0, 0, 1, 0, 1, 3, 0, NULL, NULL, 'm19-85-abnormal-endurance.jpg'),
(105, 'Bendición de Belzenlok', 0, 0, 0, 1, 0, 0, 3, 0, NULL, NULL, 'dom-77-blessing-of-belzenlok.jpg'),
(106, 'Aferrarse al polvo', 0, 0, 0, 1, 0, 0, 3, 0, NULL, NULL, 'thb-87-cling-to-dust.jpg'),
(107, 'Convicción corrupta', 0, 0, 0, 1, 0, 0, 3, 0, NULL, NULL, 'otj-84-corrupted-conviction.jpg'),
(108, 'Ráfaga oscura', 0, 0, 0, 1, 0, 0, 3, 0, NULL, NULL, 'gk1-51-darkblast.jpg'),
(109, 'Aspecto de lamprea', 0, 0, 0, 1, 0, 3, 4, 0, NULL, NULL, 'thb-85-aspect-of-lamprey.jpg'),
(110, 'Contactos en el mercado negro', 0, 0, 0, 1, 0, 2, 4, 0, NULL, NULL, 'acr-87-black-market-connections.jpg'),
(111, 'Canonizar con sangre', 0, 0, 0, 1, 0, 1, 4, 0, NULL, NULL, 'lci-96-canonized-in-blood.jpg'),
(112, 'Pesadilla ctónica', 0, 0, 0, 1, 0, 1, 4, 0, NULL, NULL, 'mh3-83-chthonian-nightmare.jpg'),
(113, 'Conspiración', 0, 0, 0, 2, 0, 3, 4, 0, NULL, NULL, 'acr-88-conspiracy.jpg'),
(114, 'Bolsa devoradora', 0, 0, 0, 1, 0, 0, 5, 0, NULL, NULL, 'afc-21-bag-of-devouring.jpg'),
(115, 'Mangual de espinas sangrientas', 0, 0, 0, 1, 0, 0, 5, 0, NULL, NULL, 'lci-93-bloodthorn-flail.jpg'),
(116, 'Ciudadela de Nicol Bolas', 0, 0, 0, 3, 0, 3, 5, 1, NULL, NULL, 'war-79-bolas-s-citadel.jpg'),
(117, 'Garraescoria', 0, 0, 0, 1, 0, 1, 5, 0, NULL, NULL, 'mh3-89-drossclaw.jpg'),
(118, 'Corazón de cristal', 0, 0, 0, 1, 0, 2, 5, 0, NULL, NULL, 'lcc-199-glass-cast-heart.jpg'),
(119, 'Davriel, magosombra renegado', 0, 0, 0, 1, 0, 2, 7, 1, NULL, NULL, 'war-83-davriel-rogue-shadowmage.jpg'),
(120, 'Liliana, a salvo de la muerte', 0, 0, 0, 2, 0, 2, 7, 1, NULL, NULL, 'm19-106-liliana-untouched-by-death.jpg'),
(121, 'Lolth, la Reina Araña', 0, 0, 0, 2, 0, 3, 7, 1, NULL, NULL, 'afr-112-lolth-spider-queen.jpg'),
(122, 'Sorin, señor sangriento altivo', 0, 0, 0, 1, 0, 2, 7, 1, NULL, NULL, 'm20-115-sorin-imperious-bloodlord.jpg'),
(123, 'Sorin, señor vampiro', 0, 0, 0, 2, 0, 4, 7, 1, NULL, NULL, 'm20-290-sorin-vampire-lord.jpg'),
(124, 'Zetalpa, la Aurora Primigenia', 0, 0, 0, 0, 2, 6, 1, 1, 4, 8, 'lcc-141-zetalpa-primal-dawn.jpg'),
(125, 'Avatar del Sol Albo', 0, 0, 0, 0, 3, 5, 1, 0, 7, 7, 'lcc-139-wakening-sun-s-avatar.jpg'),
(126, 'Akroma, visión de Íxidor', 0, 0, 0, 0, 2, 5, 1, 1, 6, 6, 'cmr-2-akroma-vision-of-ixidor.jpg'),
(127, 'Gigante de marfil', 0, 0, 0, 0, 2, 5, 1, 0, 3, 4, 'tsr-20-ivory-giant.jpg'),
(128, 'Solar radiante', 0, 0, 0, 0, 1, 5, 1, 0, 3, 6, 'afc-9-radiant-solar.jpg'),
(129, 'Mano amiga', 0, 0, 0, 0, 1, 0, 2, 0, NULL, NULL, 'lci-17-helping-hand.jpg'),
(130, 'Calambre reanimador', 0, 0, 0, 0, 1, 0, 2, 0, NULL, NULL, 'mh3-33-jolted-awake.jpg'),
(131, 'Incursión de requisición', 0, 0, 0, 0, 1, 0, 2, 0, NULL, NULL, 'otj-26-requisition-raid.jpg'),
(132, 'De un bocado', 0, 0, 0, 0, 1, 0, 2, 0, NULL, NULL, 'iko-35-swallow-whole.jpg'),
(133, 'Decreto de devoción', 0, 0, 0, 0, 1, 1, 2, 0, NULL, NULL, 'm20-13-devout-decree.jpg'),
(134, 'Égida de los cielos', 0, 0, 0, 0, 1, 1, 3, 0, NULL, NULL, 'm19-1-aegis-of-the-heavens.jpg'),
(135, 'Voluntad de Akroma', 0, 0, 0, 0, 1, 3, 3, 0, NULL, NULL, 'lcc-125-akroma-s-will.jpg'),
(136, 'Asalto de grupo', 0, 0, 0, 0, 1, 2, 3, 0, NULL, NULL, 'znr-1-allied-assault.jpg'),
(137, 'Fervor del encarcelador', 0, 0, 0, 0, 1, 0, 3, 0, NULL, NULL, 'rvr-4-arrester-s-zeal.jpg'),
(138, 'Gracia del ángel', 0, 0, 0, 0, 1, 0, 3, 0, NULL, NULL, 'tsr-4-angel-s-grace.jpg'),
(139, 'Gracia duradera', 0, 0, 0, 0, 1, 2, 4, 0, NULL, NULL, 'mh2-1-abiding-grace.jpg'),
(140, 'Último esfuerzo de Ajani', 0, 0, 0, 0, 2, 2, 4, 0, NULL, NULL, 'm19-4-ajani-s-last-stand.jpg'),
(141, 'Exaltación angélica', 0, 0, 0, 0, 1, 3, 4, 0, NULL, NULL, 'rvr-2-angelic-exaltation.jpg'),
(142, 'Plegarias escuchadas', 0, 0, 0, 0, 2, 1, 4, 0, NULL, NULL, 'mh1-2-answered-prayers.jpg'),
(143, 'Recibimiento de Ajani', 0, 0, 0, 0, 1, 0, 4, 0, NULL, NULL, 'm19-6-ajani-s-welcome.jpg'),
(144, 'Mapa de arqueomante', 0, 0, 0, 0, 1, 2, 5, 0, NULL, NULL, 'lcc-101-archaeomancer-s-map.jpg'),
(145, 'Estrado argénteo', 0, 0, 0, 0, 1, 1, 5, 0, NULL, NULL, 'mh3-20-argent-dais.jpg'),
(146, 'Caduceo, vara de Hermes', 0, 0, 0, 0, 1, 2, 5, 1, NULL, NULL, 'acr-2-caduceus-staff-of-hermes.jpg'),
(147, 'Espadón seráfico', 0, 0, 0, 0, 1, 1, 5, 0, NULL, NULL, 'cmr-45-seraphic-greatsword.jpg'),
(148, 'Relicario de esencias', 0, 0, 0, 0, 1, 2, 5, 0, NULL, NULL, 'mh3-24-essence-reliquary.jpg'),
(149, 'Ajani, líder inspirador', 0, 0, 0, 0, 2, 4, 7, 1, NULL, NULL, 'm20-282-ajani-inspiring-leader.jpg'),
(150, 'Basri Ketr', 0, 0, 0, 0, 2, 1, 7, 1, NULL, NULL, 'm21-7-basri-ket.jpg'),
(151, 'Elspeth, campeona del sol', 0, 0, 0, 0, 2, 4, 7, 1, NULL, NULL, 'blc-97-elspeth-sun-s-champion.jpg'),
(152, 'Elspeth, némesis del sol', 0, 0, 0, 0, 2, 2, 7, 1, NULL, NULL, 'thb-14-elspeth-sun-s-nemesis.jpg'),
(153, 'Gideon Blackblade', 0, 0, 0, 0, 2, 1, 7, 1, NULL, NULL, 'rvr-20-gideon-blackblade.jpg'),
(154, 'Sembrador del olvido', 0, 0, 0, 0, 0, 6, 1, 0, 5, 8, 'otc-77-oblivion-sower.jpg'),
(155, 'Errante vacío', 0, 0, 0, 0, 0, 7, 1, 0, 4, 4, 'mh3-13-nulldrifter.jpg'),
(156, 'Kozilek, la Realidad Rota', 0, 0, 0, 0, 0, 9, 1, 1, 9, 9, 'mh3-10-kozilek-the-broken-reality.jpg'),
(157, 'Emrakul, Renovadora de Mundos', 0, 0, 0, 0, 0, 12, 1, 1, 12, 12, 'mh3-6-emrakul-the-world-anew.jpg'),
(158, 'Descubridora', 0, 0, 0, 0, 0, 3, 1, 0, 1, 1, 'iko-2-farfinder.jpg'),
(159, 'Ráfaga elemental vacía', 0, 0, 0, 0, 0, 1, 3, 0, NULL, NULL, 'mh3-12-null-elemental-blast.jpg'),
(160, 'Sarcófago abandonado', 0, 0, 0, 0, 0, 3, 5, 0, NULL, NULL, 'c20-236-abandoned-sarcophagus.jpg'),
(161, 'Rotor de los eone', 0, 0, 0, 0, 0, 5, 5, 0, NULL, NULL, 'c19-52-aeon-engine.jpg'),
(162, 'Monumento a Akroma', 0, 0, 0, 0, 0, 7, 5, 1, NULL, NULL, 'tsr-262-akroma-s-memorial.jpg'),
(163, 'Altar del panteón', 0, 0, 0, 0, 0, 3, 5, 0, NULL, NULL, 'thb-231-altar-of-the-pantheon.jpg'),
(164, 'Amuleto de custodia', 0, 0, 0, 0, 0, 2, 5, 0, NULL, NULL, 'm19-226-amulet-of-safekeeping.jpg'),
(165, 'Karn, vástago de Urza', 0, 0, 0, 0, 0, 4, 7, 1, NULL, NULL, 'dom-1-karn-scion-of-urza.jpg'),
(166, 'Karn, el Gran Creador', 0, 0, 0, 0, 0, 4, 7, 1, NULL, NULL, 'rvr-1-karn-the-great-creator.jpg'),
(167, 'Ugin, el Inefable', 0, 0, 0, 0, 0, 6, 7, 1, NULL, NULL, 'war-2-ugin-the-ineffable.jpg'),
(168, 'Ugin, el dragón espíritu', 0, 0, 0, 0, 0, 8, 7, 1, NULL, NULL, 'm21-1-ugin-the-spirit-dragon.jpg'),
(169, 'Teferi, manipulador del tiempo', 0, 1, 0, 0, 1, 1, 7, 1, NULL, NULL, 'rvr-232-teferi-time-raveler.jpg'),
(170, 'Égida asimiladora', 0, 1, 0, 0, 1, 1, 5, 0, NULL, NULL, 'otj-192-assimilation-aegis.jpg'),
(171, 'Amuleto azorio', 0, 1, 0, 0, 1, 0, 5, 0, NULL, NULL, 'gk2-8-azorius-charm.jpg'),
(172, 'Caballero árbitro azorio', 0, 1, 0, 0, 1, 3, 1, 0, 2, 5, 'rna-154-azorius-knight-arbiter.jpg'),
(173, 'Brago, el rey eterno', 0, 1, 0, 0, 1, 2, 1, 1, 2, 4, 'khc-82-brago-king-eternal.jpg'),
(174, 'Sorin, Señor de Innistrad', 0, 0, 0, 1, 1, 2, 7, 1, NULL, NULL, 'lcc-289-sorin-lord-of-innistrad.jpg'),
(175, 'Efecto sangrado', 0, 0, 0, 1, 1, 2, 4, 0, NULL, NULL, 'acr-51-bleeding-effect.jpg'),
(176, 'Caballero sin aliento', 0, 0, 0, 1, 1, 1, 1, 0, 2, 2, 'mh2-187-breathless-knight.jpg'),
(177, 'Ángel del pacto mortal', 0, 0, 0, 2, 1, 3, 1, 0, 5, 5, 'gk2-38-deathpact-angel.jpg'),
(178, 'Tácticas desesperadas', 0, 0, 0, 1, 1, 0, 3, 0, NULL, NULL, 'iko-183-dire-tactics.jpg'),
(179, 'Huatli, poetisa guerrera', 1, 0, 0, 0, 1, 3, 7, 1, NULL, NULL, 'xln-224-huatli-warrior-poet.jpg'),
(180, 'Aya de Alejandría', 1, 0, 0, 0, 1, 2, 1, 1, 4, 3, 'acr-48-aya-of-alexandria.jpg'),
(181, 'Bruenor Martillo de Batalla', 1, 0, 0, 0, 1, 2, 1, 1, 5, 3, 'afr-219-bruenor-battlehammer.jpg'),
(182, 'Filoveloz boros', 1, 0, 0, 0, 1, 0, 1, 0, 1, 2, 'gk1-86-boros-swiftblade.jpg'),
(183, 'Amuleto boros', 1, 0, 0, 0, 1, 0, 3, 0, NULL, NULL, 'otc-216-boros-charm.jpg'),
(184, 'Ajani, el de Corazón Grande', 0, 0, 1, 0, 1, 2, 7, 1, NULL, NULL, 'war-184-ajani-the-greathearted.jpg'),
(185, 'Ajani, el de Corazón Grande', 0, 0, 2, 0, 1, 1, 3, 0, NULL, NULL, 'gk1-107-advent-of-the-wurm.jpg'),
(186, 'Bate de béisbol', 0, 0, 1, 0, 1, 0, 5, 0, NULL, NULL, 'dsk-209-baseball-bat.jpg'),
(187, 'Llamada del Cónclave', 0, 0, 1, 0, 1, 0, 2, 0, NULL, NULL, 'rvr-169-call-of-the-conclave.jpg'),
(188, 'Llamado de Eladamri', 0, 0, 1, 0, 1, 0, 3, 0, NULL, NULL, 'mh1-197-eladamri-s-call.jpg'),
(189, 'Ashiok, inspiración de pesadillas', 0, 1, 0, 1, 0, 3, 7, 1, NULL, NULL, 'thb-208-ashiok-nightmare-muse.jpg'),
(190, 'Reducir con estilo', 0, 1, 0, 1, 0, 2, 3, 0, NULL, NULL, 'grn-151-artful-takedown.jpg'),
(191, 'Anowon, el Ladrón de las Ruinas', 0, 1, 0, 1, 0, 2, 1, 1, 2, 4, 'znc-1-anowon-the-ruin-thief.jpg'),
(192, 'Emboscada de los Auditore', 0, 1, 0, 1, 0, 2, 2, 0, NULL, NULL, 'acr-295-auditore-ambush.jpg'),
(193, 'Asesino por obligación', 0, 1, 0, 1, 0, 3, 4, 0, NULL, NULL, 'mkm-192-coerced-to-kill.jpg'),
(194, 'Ral, virrey ízzet', 1, 1, 0, 0, 0, 3, 7, 1, NULL, NULL, 'grn-195-ral-izzet-viceroy.jpg'),
(195, 'Eris, rugido de la tormenta', 1, 1, 0, 0, 0, 8, 1, 1, 4, 4, 'otc-5-eris-roar-of-the-storm.jpg'),
(196, 'Kylox, inventor visionario', 1, 1, 0, 0, 0, 5, 1, 1, 4, 4, 'mkm-214-kylox-visionary-inventor.jpg'),
(197, 'Rayo profético', 1, 1, 0, 0, 0, 3, 3, 0, NULL, NULL, 'c20-227-prophetic-bolt.jpg'),
(198, 'Niv-Mízzet, parun', 3, 3, 0, 0, 0, 0, 1, 1, 5, 5, 'otc-235-niv-mizzet-parun.jpg'),
(199, 'Oko, el cabecilla', 0, 1, 1, 0, 0, 2, 7, 1, NULL, NULL, 'otj-223-oko-the-ringleader.jpg'),
(200, 'Volo, guía de los monstruos', 0, 1, 1, 0, 0, 2, 1, 1, 3, 2, 'afr-238-volo-guide-to-monsters.jpg'),
(201, 'La suerte hay que buscarla', 0, 1, 1, 0, 0, 3, 2, 0, NULL, NULL, 'otj-218-make-your-own-luck.jpg'),
(202, 'Encarnación enigmática', 0, 1, 1, 0, 0, 2, 4, 0, NULL, NULL, 'thb-215-enigmatic-incarnation.jpg'),
(203, 'Neoforma', 0, 1, 1, 0, 0, 0, 2, 0, NULL, NULL, 'war-206-neoform.jpg'),
(204, 'Angrath, el de las Cadenas Ardientes', 1, 0, 0, 1, 0, 3, 7, 1, NULL, NULL, 'rix-152-angrath-the-flame-chained.jpg'),
(205, 'Corcel infernal del carnaval', 1, 0, 0, 1, 0, 4, 1, 0, 5, 4, 'gk2-62-carnival-hellsteed.jpg'),
(206, 'Análisis de salpicaduras de sangre', 1, 0, 0, 1, 0, 0, 4, 0, NULL, NULL, 'mkm-189-blood-spatter-analysis.jpg'),
(207, 'Júbilo perturbador', 1, 0, 0, 1, 0, 0, 4, 0, NULL, NULL, 'dsk-212-disturbing-mirth.jpg'),
(208, 'Taladro pavoroso', 1, 0, 0, 1, 0, 0, 2, 0, NULL, NULL, 'rvr-180-dreadbore.jpg'),
(209, 'Bajas de la guerra', 0, 0, 2, 2, 0, 2, 2, 0, NULL, NULL, 'blc-125-casualties-of-war.jpg'),
(210, 'Vraska, reina de los golgari', 0, 0, 1, 1, 0, 2, 7, 1, NULL, NULL, 'grn-213-vraska-golgari-queen.jpg'),
(211, 'Cosecha de las tierras baldías', 0, 0, 1, 1, 0, 3, 2, 0, NULL, NULL, 'otj-194-badlands-revival.jpg'),
(212, 'Trofeo de la asesina', 0, 0, 1, 1, 0, 0, 3, 0, NULL, NULL, 'acr-95-assassin-s-trophy.jpg'),
(213, 'Cleopatra, faraona exiliada', 0, 0, 1, 1, 0, 2, 1, 1, 2, 4, 'acr-52-cleopatra-exiled-pharaoh.jpg'),
(214, 'Wrenn y Seis', 1, 0, 1, 0, 0, 0, 7, 1, NULL, NULL, 'mh1-217-wrenn-and-six.jpg'),
(215, 'Chamán desgarrador', 2, 0, 2, 0, 0, 0, 1, 0, 5, 5, 'rvr-230-sunder-shaman.jpg'),
(216, 'Lianas de ceniza', 1, 0, 1, 0, 0, 0, 4, 0, NULL, NULL, 'rvr-171-cindervines.jpg'),
(217, 'Emboscada de Domri', 1, 0, 1, 0, 0, 0, 2, 0, NULL, NULL, 'war-192-domri-s-ambush.jpg'),
(218, 'Asalto terrestre', 1, 0, 1, 0, 0, 0, 2, 0, NULL, NULL, 'znc-91-ground-assault.jpg'),
(219, 'Legión de fragmentados', 1, 1, 1, 1, 1, 0, 1, 1, 7, 7, 'tsr-261-sliver-legion.jpg'),
(220, 'Tiamat', 1, 1, 1, 1, 1, 2, 1, 1, 7, 7, 'afr-235-tiamat.jpg'),
(221, 'Omnath, centro de la creación', 1, 1, 1, 0, 1, 0, 1, 1, 4, 4, 'znr-232-omnath-locus-of-creation.jpg'),
(222, 'Arna Kennerüd, capitana celeste', 0, 1, 0, 1, 1, 2, 1, 1, 4, 4, 'mh3-178-arna-kennerud-skycaptain.jpg'),
(223, 'Chromium, el Mutable', 0, 1, 0, 1, 1, 4, 1, 1, 7, 7, 'm19-214-chromium-the-mutable.jpg'),
(224, 'Eriette, la embaucadora', 0, 1, 0, 1, 1, 1, 1, 1, 4, 4, 'otj-202-eriette-the-beguiler.jpg'),
(225, 'Nevinyrral, tirano de Urborg', 0, 1, 0, 1, 1, 3, 1, 1, 3, 6, 'cmr-287-nevinyrral-urborg-tyrant.jpg'),
(226, 'Ultimátum inspirado', 3, 2, 0, 0, 2, 0, 2, 0, NULL, NULL, 'iko-191-inspired-ultimatum.jpg'),
(227, 'Gavi, guardiana del nido', 1, 1, 0, 0, 1, 2, 1, 1, 2, 5, 'c20-7-gavi-nest-warden.jpg'),
(228, 'Narset de los métodos antiguos', 1, 1, 0, 0, 1, 1, 7, 1, NULL, NULL, 'iko-195-narset-of-the-ancient-way.jpg'),
(229, 'Sevinne, el Cronoclismo', 1, 1, 0, 0, 1, 2, 1, 1, 2, 2, 'c19-49-sevinne-the-chronoclasm.jpg'),
(230, 'Arthur, caballero de las caléndulas', 1, 1, 0, 0, 1, 2, 1, 1, 4, 5, 'blc-5-arthur-marigold-knight.jpg'),
(231, 'Ámareth, la Refulgente', 0, 1, 1, 0, 1, 3, 1, 1, 6, 6, 'cmr-266-amareth-the-lustrous.jpg'),
(232, 'Galea, Colmaesperanzas', 0, 1, 1, 0, 1, 1, 1, 1, 4, 4, 'afc-1-galea-kindler-of-hope.jpg'),
(233, 'Tamiyo, exploradora de campo', 0, 1, 1, 0, 1, 1, 7, 1, NULL, NULL, 'iko-195-narset-of-the-ancient-way.jpg'),
(234, 'Kellan se une al equipo', 0, 1, 1, 0, 1, 0, 4, 1, NULL, NULL, 'otj-212-kellan-joins-up.jpg'),
(235, 'Sr. Jacinto', 0, 1, 1, 0, 1, 2, 1, 1, 3, 5, 'blc-6-mr-foxglove.jpg'),
(236, 'Nicol Bolas, Dios Dragón', 1, 1, 0, 3, 0, 0, 7, 1, NULL, NULL, 'rvr-205-nicol-bolas-dragon-god.jpg'),
(237, 'Obeka, fraccionadora de segundos', 1, 1, 0, 1, 0, 1, 1, 1, 2, 5, 'otj-222-obeka-splitter-of-seconds.jpg'),
(238, 'Obeka, cronologista bruta', 1, 1, 0, 1, 0, 1, 1, 1, 3, 4, 'cmr-289-obeka-brute-chronologist.jpg'),
(239, 'Garza Zol, reina de la peste', 1, 1, 0, 1, 0, 4, 1, 1, 5, 5, 'ps11-171-garza-zol-plague-queen.jpg'),
(240, 'Geyadrone Dihada', 1, 1, 0, 1, 0, 1, 7, 1, NULL, NULL, 'mh2-199-geyadrone-dihada.jpg'),
(241, 'Nido de titanes', 0, 1, 1, 1, 0, 1, 4, 0, NULL, NULL, 'iko-212-titans-nest.jpg'),
(242, 'Ultimátum emergentes', 0, 2, 3, 2, 0, 0, 2, 0, NULL, NULL, 'iko-185-emergent-ultimatum.jpg'),
(243, 'Félix Cincobotas', 0, 1, 1, 1, 0, 2, 1, 1, 5, 4, 'otc-6-felix-five-boots.jpg'),
(244, 'Rayami, el Primero de los Caídos', 0, 1, 1, 1, 0, 1, 1, 1, 5, 4, 'c19-48-rayami-first-of-the-fallen.jpg'),
(245, 'Volrath, el Robaformas', 0, 1, 1, 1, 0, 2, 1, 1, 7, 5, 'c19-51-volrath-the-shapestealer.jpg'),
(246, 'Sortilegio temur', 1, 1, 1, 0, 0, 0, 3, 0, NULL, NULL, 'c20-230-temur-charm.jpg'),
(247, 'Supremacía temur', 1, 1, 1, 0, 0, 0, 4, 0, NULL, NULL, 'tsr-387-temur-ascendancy.jpg'),
(248, 'Ultimátum de génesis', 2, 3, 2, 0, 0, 0, 2, 0, NULL, NULL, 'iko-189-genesis-ultimatum.jpg'),
(249, 'Canción de la creación', 1, 1, 1, 0, 0, 1, 4, 0, NULL, NULL, 'iko-210-song-of-creation.jpg'),
(250, 'Omnath, centro de la Turbulencia', 1, 1, 1, 0, 0, 1, 1, 1, 3, 3, 'm20-216-omnath-locus-of-the-roil.jpg'),
(251, 'Yurlok de la azotada abrasadora', 1, 0, 1, 1, 0, 1, 1, 1, 4, 4, 'cmr-293-yurlok-of-scorch-thrash.jpg'),
(252, 'Winter, guía misantrópico', 1, 0, 1, 1, 0, 1, 1, 1, 3, 4, 'dsk-240-winter-misanthropic-guide.jpg'),
(253, 'Ultimátum violento', 3, 0, 2, 2, 0, 0, 2, 0, NULL, NULL, 'ps11-181-violent-ultimatum.jpg'),
(254, 'Vaevictis Asmadi, el Nefasto', 1, 0, 1, 1, 0, 3, 1, 1, 6, 6, 'm19-225-vaevictis-asmadi-the-dire.jpg'),
(255, 'Prossh, incursor celestial de Kher', 1, 0, 1, 1, 0, 3, 1, 1, 5, 5, 'cmr-530-prossh-skyraider-of-kher.jpg');

-- --------------------------------------------------------

--
-- Estructura de tabla para la tabla `cartas_en_venta`
--

DROP TABLE IF EXISTS `cartas_en_venta`;
CREATE TABLE `cartas_en_venta` (
  `id` int(11) NOT NULL,
  `id_carta` int(11) NOT NULL,
  `id_vendedor` int(11) NOT NULL,
  `precio` decimal(10,2) NOT NULL
) ENGINE=InnoDB DEFAULT CHARSET=utf8mb4 COLLATE=utf8mb4_general_ci;

--
-- Volcado de datos para la tabla `cartas_en_venta`
--

INSERT INTO `cartas_en_venta` (`id`, `id_carta`, `id_vendedor`, `precio`) VALUES
(1, 1, 2, 3.08),
(2, 2, 2, 2.01),
(3, 3, 2, 4.15),
(4, 4, 2, 2.45),
(5, 5, 2, 2.98),
(6, 6, 2, 4.81),
(7, 7, 2, 4.34),
(8, 8, 2, 2.57),
(9, 9, 2, 3.66),
(10, 10, 2, 4.14),
(11, 11, 2, 4.15),
(12, 12, 2, 4.89),
(13, 13, 2, 2.03),
(14, 14, 2, 3.89),
(15, 15, 2, 3.28),
(16, 16, 2, 2.78),
(17, 17, 2, 4.88),
(18, 18, 2, 4.91),
(19, 19, 2, 2.72),
(20, 20, 2, 4.59),
(21, 21, 2, 2.07),
(22, 22, 2, 3.00),
(23, 23, 2, 2.27),
(24, 24, 2, 2.33),
(25, 25, 2, 3.96),
(26, 26, 2, 3.00),
(27, 27, 2, 3.25),
(28, 28, 2, 4.59),
(29, 29, 2, 3.17),
(30, 30, 2, 3.99),
(31, 31, 2, 2.44),
(32, 32, 2, 4.40),
(33, 33, 2, 4.87),
(34, 34, 2, 4.04),
(35, 35, 2, 3.46),
(36, 36, 2, 4.89),
(37, 37, 2, 4.50),
(38, 38, 2, 2.50),
(39, 39, 2, 2.81),
(40, 40, 2, 2.33),
(41, 41, 2, 2.89),
(42, 42, 2, 2.67),
(43, 43, 2, 2.97),
(44, 44, 2, 4.51),
(45, 45, 2, 3.70),
(46, 46, 2, 2.12),
(47, 47, 2, 2.11),
(48, 48, 2, 4.26),
(49, 49, 2, 4.21),
(50, 50, 2, 2.13),
(51, 51, 2, 4.02),
(52, 52, 2, 2.28),
(53, 53, 2, 4.12),
(54, 54, 2, 2.92),
(55, 55, 2, 4.04),
(56, 56, 2, 4.95),
(57, 57, 2, 3.54),
(58, 58, 2, 3.98),
(59, 59, 2, 2.94),
(60, 60, 2, 3.80),
(61, 61, 2, 3.61),
(62, 62, 2, 2.51),
(63, 63, 2, 3.93),
(64, 64, 2, 3.54),
(65, 65, 2, 3.53),
(66, 66, 2, 2.35),
(67, 67, 2, 4.11),
(68, 68, 2, 3.99),
(69, 69, 2, 4.71),
(70, 70, 2, 4.34),
(71, 71, 2, 2.19),
(72, 72, 2, 2.19),
(73, 73, 2, 3.10),
(74, 74, 2, 4.17),
(75, 75, 2, 3.98),
(76, 76, 2, 2.51),
(77, 77, 2, 3.58),
(78, 78, 2, 4.35),
(79, 79, 2, 4.31),
(80, 80, 2, 2.94),
(81, 81, 2, 4.33),
(82, 82, 2, 3.79),
(83, 83, 2, 2.91),
(84, 84, 2, 3.94),
(85, 85, 2, 4.46),
(86, 86, 2, 3.12),
(87, 87, 2, 2.57),
(88, 88, 2, 3.18),
(89, 89, 2, 3.37),
(90, 90, 2, 2.66),
(91, 91, 2, 3.73),
(92, 92, 2, 4.15),
(93, 93, 2, 3.36),
(94, 94, 2, 2.12),
(95, 95, 2, 3.10),
(96, 96, 2, 2.65),
(97, 97, 2, 3.64),
(98, 98, 2, 4.99),
(99, 99, 2, 3.09),
(100, 100, 2, 4.08),
(101, 1, 3, 3.00),
(103, 3, 3, 3.93),
(104, 4, 3, 4.92),
(105, 5, 3, 3.27),
(106, 6, 3, 2.19),
(107, 7, 3, 4.17),
(108, 8, 3, 2.38),
(109, 9, 3, 3.62),
(110, 10, 3, 3.01),
(111, 11, 3, 3.35),
(112, 12, 3, 3.67),
(113, 13, 3, 3.64),
(114, 14, 3, 4.66),
(115, 15, 3, 2.73),
(116, 16, 3, 3.66),
(117, 17, 3, 4.75),
(118, 18, 3, 3.79),
(119, 19, 3, 2.73),
(120, 20, 3, 2.32),
(121, 21, 3, 4.90),
(122, 22, 3, 2.49),
(123, 23, 3, 3.69),
(124, 24, 3, 4.98),
(125, 25, 3, 4.52),
(126, 26, 3, 3.88),
(127, 27, 3, 4.52),
(128, 28, 3, 3.55),
(129, 29, 3, 4.28),
(130, 30, 3, 4.17),
(131, 31, 3, 4.98),
(132, 32, 3, 4.72),
(133, 33, 3, 4.96),
(134, 34, 3, 2.67),
(135, 35, 3, 4.09),
(136, 36, 3, 2.46),
(137, 37, 3, 4.16),
(138, 38, 3, 4.47),
(139, 39, 3, 3.57),
(140, 40, 3, 4.25),
(141, 41, 3, 3.91),
(142, 42, 3, 3.37),
(143, 43, 3, 3.27),
(144, 44, 3, 2.47),
(145, 45, 3, 2.12),
(146, 46, 3, 3.61),
(147, 47, 3, 3.15),
(148, 48, 3, 4.39),
(149, 49, 3, 3.24),
(150, 50, 3, 3.76),
(151, 51, 3, 2.48),
(152, 52, 3, 2.49),
(153, 53, 3, 4.08),
(154, 54, 3, 2.87),
(155, 55, 3, 2.66),
(156, 56, 3, 2.41),
(157, 57, 3, 2.31),
(158, 58, 3, 2.95),
(159, 59, 3, 2.05),
(160, 60, 3, 4.22),
(161, 61, 3, 4.52),
(162, 62, 3, 4.05),
(163, 63, 3, 2.76),
(164, 64, 3, 4.46),
(165, 65, 3, 3.19),
(166, 66, 3, 3.76),
(167, 67, 3, 3.89),
(168, 68, 3, 3.42),
(169, 69, 3, 3.80),
(170, 70, 3, 3.77),
(171, 71, 3, 2.76),
(172, 72, 3, 3.95),
(173, 73, 3, 4.62),
(174, 74, 3, 3.07),
(175, 75, 3, 4.85),
(176, 76, 3, 3.74),
(177, 77, 3, 3.60),
(178, 78, 3, 3.38),
(179, 79, 3, 4.34),
(180, 80, 3, 4.33),
(181, 81, 3, 4.05),
(182, 82, 3, 4.81),
(183, 83, 3, 4.81),
(184, 84, 3, 2.43),
(185, 85, 3, 2.25),
(186, 86, 3, 2.32),
(187, 87, 3, 2.66),
(188, 88, 3, 2.64),
(189, 89, 3, 2.97),
(190, 90, 3, 4.74),
(191, 91, 3, 2.13),
(192, 92, 3, 3.27),
(193, 93, 3, 3.50),
(194, 94, 3, 3.14),
(195, 95, 3, 3.03),
(196, 96, 3, 4.55),
(197, 97, 3, 2.15),
(198, 98, 3, 3.67),
(199, 99, 3, 2.80),
(200, 100, 3, 4.29),
(201, 1, 4, 3.38),
(202, 2, 4, 2.96),
(204, 4, 4, 2.74),
(205, 5, 4, 4.90),
(206, 6, 4, 2.80),
(207, 7, 4, 2.54),
(208, 8, 4, 4.42),
(209, 9, 4, 3.29),
(210, 10, 4, 4.10),
(211, 11, 4, 2.76),
(212, 12, 4, 2.39),
(213, 13, 4, 2.27),
(214, 14, 4, 2.26),
(215, 15, 4, 3.66),
(216, 16, 4, 2.73),
(217, 17, 4, 4.73),
(218, 18, 4, 4.89),
(219, 19, 4, 4.14),
(220, 20, 4, 2.00),
(221, 21, 4, 4.25),
(222, 22, 4, 4.76),
(223, 23, 4, 2.20),
(224, 24, 4, 2.09),
(225, 25, 4, 4.21),
(226, 26, 4, 4.24),
(227, 27, 4, 3.70),
(228, 28, 4, 3.99),
(229, 29, 4, 3.21),
(230, 30, 4, 2.70),
(231, 31, 4, 2.11),
(232, 32, 4, 4.84),
(233, 33, 4, 2.18),
(234, 34, 4, 4.09),
(235, 35, 4, 3.54),
(236, 36, 4, 4.12),
(237, 37, 4, 4.28),
(238, 38, 4, 4.05),
(239, 39, 4, 4.73),
(240, 40, 4, 4.00),
(241, 41, 4, 4.00),
(242, 42, 4, 3.49),
(243, 43, 4, 3.71),
(244, 44, 4, 2.48),
(245, 45, 4, 3.31),
(246, 46, 4, 4.21),
(247, 47, 4, 2.72),
(248, 48, 4, 3.51),
(249, 49, 4, 2.46),
(250, 50, 4, 3.79),
(251, 51, 4, 4.50),
(252, 52, 4, 2.08),
(253, 53, 4, 2.11),
(254, 54, 4, 2.61),
(255, 55, 4, 2.92),
(256, 56, 4, 4.58),
(257, 57, 4, 3.77),
(258, 58, 4, 4.30),
(259, 59, 4, 2.32),
(260, 60, 4, 4.17),
(261, 61, 4, 4.03),
(262, 62, 4, 3.11),
(263, 63, 4, 4.34),
(264, 64, 4, 4.38),
(265, 65, 4, 3.24),
(266, 66, 4, 2.03),
(267, 67, 4, 3.27),
(268, 68, 4, 3.23),
(269, 69, 4, 4.51),
(270, 70, 4, 2.23),
(271, 71, 4, 2.40),
(272, 72, 4, 4.74),
(273, 73, 4, 2.01),
(274, 74, 4, 3.94),
(275, 75, 4, 3.77),
(276, 76, 4, 3.96),
(277, 77, 4, 2.33),
(278, 78, 4, 4.81),
(279, 79, 4, 4.04),
(280, 80, 4, 3.00),
(281, 81, 4, 4.26),
(282, 82, 4, 4.80),
(283, 83, 4, 3.09),
(284, 84, 4, 4.05),
(285, 85, 4, 3.20),
(286, 86, 4, 3.14),
(287, 87, 4, 4.78),
(288, 88, 4, 3.84),
(289, 89, 4, 3.75),
(290, 90, 4, 3.01),
(291, 91, 4, 2.86),
(292, 92, 4, 2.28),
(293, 93, 4, 4.93),
(294, 94, 4, 3.04),
(295, 95, 4, 2.26),
(296, 96, 4, 2.43),
(297, 97, 4, 3.64),
(298, 98, 4, 4.94),
(299, 99, 4, 2.16),
(300, 100, 4, 2.33),
(301, 1, 5, 3.60),
(302, 2, 5, 4.04),
(304, 4, 5, 4.91),
(305, 5, 5, 4.29),
(306, 6, 5, 4.61),
(307, 7, 5, 4.20),
(308, 8, 5, 2.07),
(309, 9, 5, 2.78),
(310, 10, 5, 4.74),
(311, 11, 5, 4.49),
(312, 12, 5, 3.28),
(313, 13, 5, 3.04),
(314, 14, 5, 4.70),
(315, 15, 5, 4.71),
(316, 16, 5, 2.09),
(317, 17, 5, 3.86),
(318, 18, 5, 3.14),
(319, 19, 5, 2.15),
(320, 20, 5, 2.88),
(321, 21, 5, 3.10),
(322, 22, 5, 4.74),
(323, 23, 5, 4.01),
(324, 24, 5, 3.99),
(325, 25, 5, 2.61),
(326, 26, 5, 4.30),
(327, 27, 5, 2.21),
(328, 28, 5, 2.65),
(329, 29, 5, 3.23),
(330, 30, 5, 2.94),
(331, 31, 5, 2.48),
(332, 32, 5, 2.63),
(333, 33, 5, 3.05),
(334, 34, 5, 4.02),
(335, 35, 5, 4.90),
(336, 36, 5, 3.24),
(337, 37, 5, 3.59),
(338, 38, 5, 4.86),
(339, 39, 5, 3.99),
(340, 40, 5, 3.23),
(341, 41, 5, 2.86),
(342, 42, 5, 4.27),
(343, 43, 5, 2.14),
(344, 44, 5, 4.91),
(345, 45, 5, 4.83),
(346, 46, 5, 3.97),
(347, 47, 5, 2.76),
(348, 48, 5, 4.75),
(349, 49, 5, 3.29),
(350, 50, 5, 4.88),
(351, 51, 5, 4.63),
(352, 52, 5, 4.99),
(353, 53, 5, 4.35),
(354, 54, 5, 4.91),
(355, 55, 5, 2.25),
(356, 56, 5, 2.21),
(357, 57, 5, 4.49),
(358, 58, 5, 3.22),
(359, 59, 5, 3.03),
(360, 60, 5, 2.19),
(361, 61, 5, 2.63),
(362, 62, 5, 3.43),
(363, 63, 5, 3.29),
(364, 64, 5, 4.90),
(365, 65, 5, 4.23),
(366, 66, 5, 3.91),
(367, 67, 5, 3.50),
(368, 68, 5, 4.56),
(369, 69, 5, 2.28),
(370, 70, 5, 2.78),
(371, 71, 5, 3.59),
(372, 72, 5, 3.84),
(373, 73, 5, 4.07),
(374, 74, 5, 2.97),
(375, 75, 5, 3.63),
(376, 76, 5, 3.69),
(377, 77, 5, 2.91),
(378, 78, 5, 4.55),
(379, 79, 5, 4.52),
(380, 80, 5, 4.18),
(381, 81, 5, 3.57),
(382, 82, 5, 3.68),
(383, 83, 5, 2.25),
(384, 84, 5, 3.73),
(385, 85, 5, 2.44),
(386, 86, 5, 3.85),
(387, 87, 5, 3.22),
(388, 88, 5, 3.58),
(389, 89, 5, 4.03),
(390, 90, 5, 3.54),
(391, 91, 5, 2.08),
(392, 92, 5, 4.61),
(393, 93, 5, 4.16),
(394, 94, 5, 3.29),
(395, 95, 5, 3.91),
(396, 96, 5, 2.01),
(397, 97, 5, 2.08),
(398, 98, 5, 2.91),
(399, 99, 5, 3.89),
(400, 100, 5, 2.94),
(401, 1, 6, 2.84),
(402, 2, 6, 3.81),
(403, 3, 6, 4.23),
(404, 4, 6, 4.65),
(405, 5, 6, 4.13),
(406, 6, 6, 3.34),
(407, 7, 6, 4.14),
(408, 8, 6, 5.00),
(409, 9, 6, 2.83),
(410, 10, 6, 3.81),
(411, 11, 6, 3.48),
(412, 12, 6, 2.84),
(413, 13, 6, 3.29),
(414, 14, 6, 2.15),
(415, 15, 6, 4.94),
(416, 16, 6, 3.87),
(417, 17, 6, 2.74),
(418, 18, 6, 2.42),
(419, 19, 6, 4.87),
(420, 20, 6, 3.93),
(421, 21, 6, 2.37),
(422, 22, 6, 4.07),
(423, 23, 6, 4.77),
(424, 24, 6, 3.34),
(425, 25, 6, 2.53),
(426, 26, 6, 2.65),
(427, 27, 6, 2.04),
(428, 28, 6, 4.04),
(429, 29, 6, 2.14),
(430, 30, 6, 2.97),
(431, 31, 6, 4.81),
(432, 32, 6, 2.95),
(433, 33, 6, 4.44),
(434, 34, 6, 2.82),
(435, 35, 6, 2.03),
(436, 36, 6, 3.90),
(437, 37, 6, 4.78),
(438, 38, 6, 2.67),
(439, 39, 6, 2.69),
(440, 40, 6, 2.07),
(441, 41, 6, 2.95),
(442, 42, 6, 3.37),
(443, 43, 6, 3.23),
(444, 44, 6, 2.48),
(445, 45, 6, 4.52),
(446, 46, 6, 2.76),
(447, 47, 6, 4.76),
(448, 48, 6, 3.32),
(449, 49, 6, 3.86),
(450, 50, 6, 2.23),
(451, 51, 6, 3.13),
(452, 52, 6, 3.74),
(453, 53, 6, 4.47),
(454, 54, 6, 2.65),
(455, 55, 6, 3.90),
(456, 56, 6, 3.69),
(457, 57, 6, 3.85),
(458, 58, 6, 2.23),
(459, 59, 6, 3.20),
(460, 60, 6, 3.20),
(461, 61, 6, 3.02),
(462, 62, 6, 2.16),
(463, 63, 6, 3.90),
(464, 64, 6, 3.18),
(465, 65, 6, 3.16),
(466, 66, 6, 4.52),
(467, 67, 6, 2.23),
(468, 68, 6, 4.07),
(469, 69, 6, 4.35),
(470, 70, 6, 2.60),
(471, 71, 6, 2.27),
(472, 72, 6, 3.55),
(473, 73, 6, 2.70),
(474, 74, 6, 2.25),
(475, 75, 6, 2.24),
(476, 76, 6, 3.75),
(477, 77, 6, 5.00),
(478, 78, 6, 3.83),
(479, 79, 6, 4.36),
(480, 80, 6, 2.78),
(481, 81, 6, 2.48),
(482, 82, 6, 4.26),
(483, 83, 6, 3.51),
(484, 84, 6, 3.08),
(485, 85, 6, 3.63),
(486, 86, 6, 3.45),
(487, 87, 6, 3.60),
(488, 88, 6, 4.97),
(489, 89, 6, 4.71),
(490, 90, 6, 2.26),
(491, 91, 6, 4.31),
(492, 92, 6, 2.22),
(493, 93, 6, 2.94),
(494, 94, 6, 2.51),
(495, 95, 6, 4.78),
(496, 96, 6, 4.32),
(497, 97, 6, 3.53),
(498, 98, 6, 3.04),
(499, 99, 6, 3.95),
(500, 100, 6, 4.07),
(501, 1, 7, 4.55),
(502, 2, 7, 7.00),
(503, 3, 7, 3.82),
(504, 4, 7, 3.75),
(505, 5, 7, 2.32),
(506, 6, 7, 4.64),
(507, 7, 7, 3.64),
(508, 8, 7, 3.36),
(509, 9, 7, 3.57),
(510, 10, 7, 4.56),
(511, 11, 7, 2.60),
(512, 12, 7, 2.74),
(513, 13, 7, 2.07),
(514, 14, 7, 2.95),
(515, 15, 7, 3.76),
(516, 16, 7, 2.61),
(517, 17, 7, 4.19),
(518, 18, 7, 2.07),
(519, 19, 7, 4.78),
(520, 20, 7, 2.55),
(521, 21, 7, 2.36),
(522, 22, 7, 3.77),
(523, 23, 7, 3.78),
(524, 24, 7, 2.05),
(525, 25, 7, 3.38),
(526, 26, 7, 4.92),
(527, 27, 7, 3.12),
(528, 28, 7, 4.34),
(529, 29, 7, 4.00),
(530, 30, 7, 2.32),
(532, 32, 7, 4.64),
(533, 33, 7, 2.50),
(534, 34, 7, 3.01),
(535, 35, 7, 2.51),
(536, 36, 7, 2.60),
(537, 37, 7, 4.41),
(538, 38, 7, 2.47),
(539, 39, 7, 2.61),
(540, 40, 7, 3.02),
(541, 41, 7, 4.56),
(542, 42, 7, 3.67),
(543, 43, 7, 3.77),
(544, 44, 7, 4.06),
(545, 45, 7, 4.77),
(546, 46, 7, 3.54),
(547, 47, 7, 3.09),
(548, 48, 7, 4.44),
(549, 49, 7, 4.33),
(550, 50, 7, 3.62),
(551, 51, 7, 4.79),
(552, 52, 7, 3.94),
(553, 53, 7, 4.05),
(554, 54, 7, 3.60),
(555, 55, 7, 2.27),
(556, 56, 7, 3.74),
(557, 57, 7, 3.42),
(558, 58, 7, 2.83),
(559, 59, 7, 4.34),
(560, 60, 7, 4.22),
(561, 61, 7, 2.96),
(562, 62, 7, 3.27),
(563, 63, 7, 4.25),
(564, 64, 7, 2.65),
(565, 65, 7, 4.10),
(566, 66, 7, 4.41),
(567, 67, 7, 3.49),
(568, 68, 7, 4.21),
(569, 69, 7, 4.59),
(570, 70, 7, 3.90),
(571, 71, 7, 4.64),
(572, 72, 7, 2.59),
(573, 73, 7, 3.00),
(574, 74, 7, 3.25),
(575, 75, 7, 2.84),
(576, 76, 7, 2.33),
(577, 77, 7, 2.00),
(578, 78, 7, 2.86),
(579, 79, 7, 2.93),
(580, 80, 7, 2.11),
(581, 81, 7, 4.33),
(582, 82, 7, 4.67),
(583, 83, 7, 4.16),
(584, 84, 7, 2.60),
(585, 85, 7, 2.61),
(586, 86, 7, 4.15),
(587, 87, 7, 3.73),
(588, 88, 7, 4.55),
(589, 89, 7, 2.92),
(590, 90, 7, 2.12),
(591, 91, 7, 2.05),
(592, 92, 7, 2.35),
(593, 93, 7, 4.33),
(594, 94, 7, 4.27),
(595, 95, 7, 4.08),
(596, 96, 7, 4.50),
(597, 97, 7, 4.82),
(598, 98, 7, 4.22),
(599, 99, 7, 3.38),
(600, 100, 7, 4.23),
(601, 1, 8, 4.15),
(602, 2, 8, 4.79),
(603, 3, 8, 2.92),
(604, 4, 8, 3.74),
(605, 5, 8, 4.24),
(606, 6, 8, 4.30),
(607, 7, 8, 2.37),
(609, 9, 8, 4.29),
(610, 10, 8, 3.29),
(611, 11, 8, 3.76),
(612, 12, 8, 3.93),
(613, 13, 8, 2.23),
(614, 14, 8, 2.70),
(615, 15, 8, 3.96),
(616, 16, 8, 4.71),
(617, 17, 8, 3.00),
(618, 18, 8, 4.16),
(619, 19, 8, 3.59),
(620, 20, 8, 2.38),
(621, 21, 8, 4.52),
(622, 22, 8, 2.52),
(623, 23, 8, 3.05),
(624, 24, 8, 2.31),
(625, 25, 8, 4.99),
(626, 26, 8, 3.28),
(627, 27, 8, 3.06),
(628, 28, 8, 3.63),
(629, 29, 8, 3.89),
(630, 30, 8, 4.73),
(631, 31, 8, 4.49),
(632, 32, 8, 4.03),
(633, 33, 8, 4.47),
(634, 34, 8, 2.10),
(635, 35, 8, 2.44),
(636, 36, 8, 4.73),
(637, 37, 8, 2.94),
(638, 38, 8, 4.60),
(639, 39, 8, 2.59),
(640, 40, 8, 4.01),
(641, 41, 8, 4.90),
(642, 42, 8, 3.84),
(643, 43, 8, 3.17),
(644, 44, 8, 4.03),
(645, 45, 8, 3.59),
(646, 46, 8, 2.42),
(647, 47, 8, 4.01),
(648, 48, 8, 3.77),
(649, 49, 8, 2.81),
(650, 50, 8, 4.70),
(651, 51, 8, 4.21),
(652, 52, 8, 2.72),
(653, 53, 8, 3.80),
(654, 54, 8, 3.22),
(655, 55, 8, 2.03),
(656, 56, 8, 3.16),
(657, 57, 8, 2.46),
(658, 58, 8, 2.94),
(659, 59, 8, 3.32),
(660, 60, 8, 2.70),
(661, 61, 8, 3.11),
(662, 62, 8, 2.91),
(663, 63, 8, 3.66),
(664, 64, 8, 3.82),
(665, 65, 8, 2.79),
(666, 66, 8, 4.47),
(667, 67, 8, 4.24),
(668, 68, 8, 4.95),
(669, 69, 8, 4.34),
(670, 70, 8, 2.55),
(671, 71, 8, 2.98),
(672, 72, 8, 3.30),
(673, 73, 8, 2.66),
(674, 74, 8, 4.43),
(675, 75, 8, 3.71),
(676, 76, 8, 2.52),
(677, 77, 8, 2.76),
(678, 78, 8, 2.99),
(679, 79, 8, 2.20),
(680, 80, 8, 2.62),
(681, 81, 8, 4.44),
(682, 82, 8, 2.48),
(683, 83, 8, 3.29),
(684, 84, 8, 4.52),
(685, 85, 8, 2.30),
(686, 86, 8, 3.16),
(687, 87, 8, 2.75),
(688, 88, 8, 2.01),
(689, 89, 8, 4.41),
(690, 90, 8, 4.73),
(691, 91, 8, 3.85),
(692, 92, 8, 4.86),
(693, 93, 8, 2.99),
(694, 94, 8, 4.04),
(695, 95, 8, 2.04),
(696, 96, 8, 3.95),
(697, 97, 8, 2.56),
(698, 98, 8, 4.66),
(699, 99, 8, 3.80),
(700, 100, 8, 3.48),
(701, 1, 9, 2.74),
(702, 2, 9, 4.70),
(703, 3, 9, 4.86),
(704, 4, 9, 2.72),
(705, 5, 9, 3.45),
(706, 6, 9, 4.72),
(707, 7, 9, 2.43),
(708, 8, 9, 2.30),
(709, 9, 9, 3.85),
(710, 10, 9, 4.20),
(711, 11, 9, 3.40),
(712, 12, 9, 3.49),
(713, 13, 9, 4.29),
(714, 14, 9, 2.95),
(715, 15, 9, 4.78),
(716, 16, 9, 4.36),
(717, 17, 9, 3.84),
(718, 18, 9, 3.15),
(719, 19, 9, 3.33),
(720, 20, 9, 2.10),
(721, 21, 9, 2.75),
(722, 22, 9, 3.45),
(723, 23, 9, 2.06),
(724, 24, 9, 2.98),
(725, 25, 9, 2.53),
(726, 26, 9, 3.96),
(727, 27, 9, 4.85),
(728, 28, 9, 2.15),
(729, 29, 9, 4.67),
(730, 30, 9, 2.05),
(731, 31, 9, 2.79),
(732, 32, 9, 4.85),
(733, 33, 9, 4.30),
(734, 34, 9, 3.73),
(735, 35, 9, 3.08),
(736, 36, 9, 2.08),
(737, 37, 9, 4.78),
(738, 38, 9, 2.16),
(739, 39, 9, 4.92),
(740, 40, 9, 3.28),
(741, 41, 9, 2.88),
(742, 42, 9, 4.31),
(743, 43, 9, 3.42),
(744, 44, 9, 2.01),
(745, 45, 9, 2.16),
(746, 46, 9, 3.02),
(747, 47, 9, 2.22),
(748, 48, 9, 2.38),
(749, 49, 9, 3.26),
(750, 50, 9, 3.17),
(751, 51, 9, 3.84),
(752, 52, 9, 2.99),
(753, 53, 9, 2.26),
(754, 54, 9, 4.61),
(755, 55, 9, 2.79),
(756, 56, 9, 3.83),
(757, 57, 9, 4.15),
(758, 58, 9, 3.72),
(759, 59, 9, 3.14),
(760, 60, 9, 4.75),
(761, 61, 9, 4.99),
(762, 62, 9, 4.89),
(763, 63, 9, 2.89),
(764, 64, 9, 2.65),
(765, 65, 9, 3.26),
(766, 66, 9, 2.11),
(767, 67, 9, 3.21),
(768, 68, 9, 2.74),
(769, 69, 9, 4.40),
(770, 70, 9, 3.19),
(771, 71, 9, 3.74),
(772, 72, 9, 4.20),
(773, 73, 9, 3.30),
(774, 74, 9, 3.95),
(775, 75, 9, 4.54),
(776, 76, 9, 4.80),
(777, 77, 9, 2.16),
(778, 78, 9, 2.05),
(779, 79, 9, 2.34),
(780, 80, 9, 3.37),
(781, 81, 9, 2.71),
(782, 82, 9, 3.21),
(783, 83, 9, 3.98),
(784, 84, 9, 4.34),
(785, 85, 9, 4.56),
(786, 86, 9, 2.52),
(787, 87, 9, 2.68),
(788, 88, 9, 2.59),
(789, 89, 9, 2.34),
(790, 90, 9, 3.08),
(791, 91, 9, 3.09),
(792, 92, 9, 4.50),
(793, 93, 9, 4.07),
(794, 94, 9, 4.57),
(795, 95, 9, 3.17),
(796, 96, 9, 2.66),
(797, 97, 9, 2.79),
(798, 98, 9, 3.73),
(799, 99, 9, 4.17),
(800, 100, 9, 4.65),
(801, 1, 10, 3.14),
(802, 2, 10, 3.70),
(803, 3, 10, 2.39),
(804, 4, 10, 4.16),
(805, 5, 10, 3.76),
(806, 6, 10, 2.91),
(807, 7, 10, 4.79),
(808, 8, 10, 3.07),
(809, 9, 10, 4.97),
(810, 10, 10, 2.26),
(811, 11, 10, 2.06),
(812, 12, 10, 3.68),
(813, 13, 10, 3.56),
(814, 14, 10, 3.70),
(815, 15, 10, 2.51),
(816, 16, 10, 4.21),
(817, 17, 10, 3.65),
(818, 18, 10, 2.88),
(819, 19, 10, 2.11),
(820, 20, 10, 3.66),
(821, 21, 10, 2.45),
(822, 22, 10, 3.20),
(823, 23, 10, 4.41),
(824, 24, 10, 4.00),
(825, 25, 10, 3.79),
(826, 26, 10, 2.15),
(827, 27, 10, 2.52),
(828, 28, 10, 4.56),
(829, 29, 10, 4.77),
(830, 30, 10, 2.17),
(831, 31, 10, 4.18),
(832, 32, 10, 2.01),
(833, 33, 10, 4.53),
(834, 34, 10, 3.50),
(835, 35, 10, 4.29),
(836, 36, 10, 3.68),
(837, 37, 10, 2.31),
(838, 38, 10, 4.39),
(839, 39, 10, 2.12),
(840, 40, 10, 2.00),
(841, 41, 10, 2.12),
(842, 42, 10, 4.93),
(843, 43, 10, 4.41),
(844, 44, 10, 3.75),
(845, 45, 10, 2.77),
(846, 46, 10, 2.50),
(847, 47, 10, 4.02),
(848, 48, 10, 4.84),
(849, 49, 10, 3.76),
(850, 50, 10, 2.04),
(851, 51, 10, 3.96),
(852, 52, 10, 4.58),
(853, 53, 10, 2.65),
(854, 54, 10, 2.20),
(855, 55, 10, 2.72),
(856, 56, 10, 4.63),
(857, 57, 10, 2.88),
(858, 58, 10, 3.13),
(859, 59, 10, 2.59),
(860, 60, 10, 3.49),
(861, 61, 10, 4.75),
(862, 62, 10, 4.39),
(863, 63, 10, 4.46),
(864, 64, 10, 2.07),
(865, 65, 10, 2.54),
(866, 66, 10, 2.20),
(867, 67, 10, 4.32),
(868, 68, 10, 4.74),
(869, 69, 10, 4.95),
(870, 70, 10, 3.66),
(871, 71, 10, 4.31),
(872, 72, 10, 4.06),
(873, 73, 10, 4.87),
(874, 74, 10, 2.68),
(875, 75, 10, 2.79),
(876, 76, 10, 2.26),
(877, 77, 10, 4.92),
(878, 78, 10, 3.35),
(879, 79, 10, 4.00),
(880, 80, 10, 2.61),
(881, 81, 10, 3.77),
(882, 82, 10, 4.42),
(883, 83, 10, 2.01),
(884, 84, 10, 2.52),
(885, 85, 10, 4.47),
(886, 86, 10, 3.84),
(887, 87, 10, 3.26),
(888, 88, 10, 3.41),
(889, 89, 10, 2.33),
(890, 90, 10, 4.34),
(891, 91, 10, 2.46),
(892, 92, 10, 3.01),
(893, 93, 10, 4.39),
(894, 94, 10, 4.71),
(895, 95, 10, 2.72),
(896, 96, 10, 4.43),
(897, 97, 10, 2.06),
(898, 98, 10, 3.94),
(899, 99, 10, 3.19),
(900, 100, 10, 4.19),
(901, 1, 11, 4.81),
(902, 2, 11, 3.27),
(903, 3, 11, 2.04),
(904, 4, 11, 4.07),
(905, 5, 11, 3.12),
(906, 6, 11, 2.27),
(907, 7, 11, 3.68),
(908, 8, 11, 2.89),
(909, 9, 11, 2.63),
(910, 10, 11, 3.41),
(911, 11, 11, 4.68),
(912, 12, 11, 4.96),
(913, 13, 11, 2.21),
(914, 14, 11, 4.72),
(915, 15, 11, 2.65),
(916, 16, 11, 3.22),
(917, 17, 11, 3.49),
(918, 18, 11, 2.95),
(919, 19, 11, 4.40),
(920, 20, 11, 2.19),
(921, 21, 11, 2.60),
(922, 22, 11, 2.00),
(923, 23, 11, 4.31),
(924, 24, 11, 3.57),
(925, 25, 11, 2.13),
(926, 26, 11, 2.96),
(927, 27, 11, 4.81),
(928, 28, 11, 4.20),
(929, 29, 11, 4.14),
(930, 30, 11, 2.37),
(931, 31, 11, 4.45),
(932, 32, 11, 3.20),
(933, 33, 11, 3.14),
(934, 34, 11, 2.98),
(935, 35, 11, 4.25),
(936, 36, 11, 4.05),
(937, 37, 11, 2.45),
(938, 38, 11, 2.22),
(939, 39, 11, 3.98),
(940, 40, 11, 2.24),
(941, 41, 11, 2.18),
(942, 42, 11, 2.10),
(943, 43, 11, 3.41),
(944, 44, 11, 3.13),
(945, 45, 11, 4.94),
(946, 46, 11, 2.31),
(947, 47, 11, 3.89),
(948, 48, 11, 2.26),
(949, 49, 11, 4.73),
(950, 50, 11, 2.67),
(951, 51, 11, 3.32),
(952, 52, 11, 3.99),
(953, 53, 11, 4.05),
(954, 54, 11, 2.92),
(955, 55, 11, 2.94),
(956, 56, 11, 2.69),
(957, 57, 11, 3.93),
(958, 58, 11, 2.13),
(959, 59, 11, 4.21),
(960, 60, 11, 4.05),
(961, 61, 11, 4.82),
(962, 62, 11, 3.98),
(963, 63, 11, 3.14),
(964, 64, 11, 3.21),
(965, 65, 11, 2.74),
(966, 66, 11, 4.56),
(967, 67, 11, 3.82),
(968, 68, 11, 2.80),
(969, 69, 11, 3.73),
(970, 70, 11, 2.00),
(971, 71, 11, 3.29),
(972, 72, 11, 4.79),
(973, 73, 11, 2.58),
(974, 74, 11, 4.59),
(975, 75, 11, 4.57),
(976, 76, 11, 4.91),
(977, 77, 11, 3.03),
(978, 78, 11, 4.85),
(979, 79, 11, 2.15),
(980, 80, 11, 2.74),
(981, 81, 11, 2.48),
(982, 82, 11, 3.98),
(983, 83, 11, 3.22),
(984, 84, 11, 3.20),
(985, 85, 11, 2.12),
(986, 86, 11, 2.25),
(987, 87, 11, 2.10),
(988, 88, 11, 2.61),
(989, 89, 11, 4.61),
(990, 90, 11, 4.35),
(991, 91, 11, 4.04),
(992, 92, 11, 2.06),
(993, 93, 11, 4.22),
(994, 94, 11, 2.95),
(995, 95, 11, 2.73),
(996, 96, 11, 2.10),
(997, 97, 11, 4.31),
(998, 98, 11, 3.09),
(999, 99, 11, 3.44),
(1000, 100, 11, 3.65),
(1001, 1, 12, 3.81),
(1002, 2, 12, 3.93),
(1003, 3, 12, 4.81),
(1004, 4, 12, 2.44),
(1005, 5, 12, 3.67),
(1006, 6, 12, 2.32),
(1007, 7, 12, 4.05),
(1009, 9, 12, 5.00),
(1010, 10, 12, 2.19),
(1011, 11, 12, 2.67),
(1012, 12, 12, 3.36),
(1013, 13, 12, 3.94),
(1014, 14, 12, 3.70),
(1015, 15, 12, 4.08),
(1016, 16, 12, 3.54),
(1017, 17, 12, 4.47),
(1018, 18, 12, 4.01),
(1019, 19, 12, 2.67),
(1020, 20, 12, 4.26),
(1021, 21, 12, 4.78),
(1022, 22, 12, 4.54),
(1023, 23, 12, 4.35),
(1024, 24, 12, 3.54),
(1025, 25, 12, 4.00),
(1026, 26, 12, 3.97),
(1027, 27, 12, 4.67),
(1028, 28, 12, 2.78),
(1029, 29, 12, 2.50),
(1030, 30, 12, 4.17),
(1031, 31, 12, 3.46),
(1032, 32, 12, 3.95),
(1033, 33, 12, 2.65),
(1034, 34, 12, 3.44),
(1035, 35, 12, 4.28),
(1036, 36, 12, 2.42),
(1037, 37, 12, 4.36),
(1038, 38, 12, 3.21),
(1039, 39, 12, 3.53),
(1040, 40, 12, 2.27),
(1041, 41, 12, 3.30),
(1042, 42, 12, 2.55),
(1043, 43, 12, 2.52),
(1044, 44, 12, 2.22),
(1045, 45, 12, 2.20),
(1046, 46, 12, 2.70),
(1047, 47, 12, 4.83),
(1048, 48, 12, 2.20),
(1049, 49, 12, 3.56),
(1050, 50, 12, 2.94),
(1051, 51, 12, 2.50),
(1052, 52, 12, 2.82),
(1053, 53, 12, 4.52),
(1054, 54, 12, 3.75),
(1055, 55, 12, 4.79),
(1056, 56, 12, 2.27),
(1057, 57, 12, 3.09),
(1058, 58, 12, 3.72),
(1059, 59, 12, 2.48),
(1060, 60, 12, 3.28),
(1061, 61, 12, 4.99),
(1062, 62, 12, 3.45),
(1063, 63, 12, 4.49),
(1064, 64, 12, 3.75),
(1065, 65, 12, 2.11),
(1066, 66, 12, 3.32),
(1067, 67, 12, 4.66),
(1068, 68, 12, 2.88),
(1069, 69, 12, 3.55),
(1070, 70, 12, 2.77),
(1071, 71, 12, 2.56),
(1072, 72, 12, 2.78),
(1073, 73, 12, 3.23),
(1074, 74, 12, 4.96),
(1075, 75, 12, 3.36),
(1076, 76, 12, 3.76),
(1077, 77, 12, 4.08),
(1078, 78, 12, 4.70),
(1079, 79, 12, 2.09),
(1080, 80, 12, 2.13),
(1081, 81, 12, 2.00),
(1082, 82, 12, 2.63),
(1083, 83, 12, 4.62),
(1084, 84, 12, 3.15),
(1085, 85, 12, 4.98),
(1086, 86, 12, 2.30),
(1087, 87, 12, 4.78),
(1088, 88, 12, 3.02),
(1089, 89, 12, 2.46),
(1090, 90, 12, 4.96),
(1091, 91, 12, 3.54),
(1092, 92, 12, 4.41),
(1093, 93, 12, 4.85),
(1094, 94, 12, 3.46),
(1095, 95, 12, 2.44),
(1096, 96, 12, 3.40),
(1097, 97, 12, 2.92),
(1098, 98, 12, 3.07),
(1099, 99, 12, 2.74),
(1100, 100, 12, 2.21),
(1101, 1, 13, 3.66),
(1102, 2, 13, 2.32),
(1103, 3, 13, 3.18),
(1104, 4, 13, 4.14),
(1105, 5, 13, 4.49),
(1106, 6, 13, 2.97),
(1107, 7, 13, 3.80),
(1108, 8, 13, 2.51),
(1109, 9, 13, 3.87),
(1110, 10, 13, 2.80),
(1111, 11, 13, 3.10),
(1112, 12, 13, 3.16),
(1113, 13, 13, 2.78),
(1114, 14, 13, 2.31),
(1115, 15, 13, 3.88),
(1116, 16, 13, 2.43),
(1117, 17, 13, 4.21),
(1118, 18, 13, 4.21),
(1119, 19, 13, 4.45),
(1120, 20, 13, 2.08),
(1121, 21, 13, 2.02),
(1122, 22, 13, 2.91),
(1123, 23, 13, 3.96),
(1124, 24, 13, 4.84),
(1125, 25, 13, 2.03),
(1126, 26, 13, 3.68),
(1127, 27, 13, 3.35),
(1128, 28, 13, 4.35),
(1129, 29, 13, 3.12),
(1130, 30, 13, 3.14),
(1131, 31, 13, 2.90),
(1132, 32, 13, 3.88),
(1133, 33, 13, 4.19),
(1134, 34, 13, 2.20),
(1135, 35, 13, 2.75),
(1136, 36, 13, 3.32),
(1137, 37, 13, 4.82),
(1138, 38, 13, 4.84),
(1139, 39, 13, 3.35),
(1140, 40, 13, 2.08),
(1141, 41, 13, 3.58),
(1142, 42, 13, 2.52),
(1143, 43, 13, 3.92),
(1144, 44, 13, 4.81),
(1145, 45, 13, 2.34),
(1146, 46, 13, 3.78),
(1147, 47, 13, 2.25),
(1148, 48, 13, 3.27),
(1149, 49, 13, 4.74),
(1150, 50, 13, 2.74),
(1151, 51, 13, 2.22),
(1152, 52, 13, 3.50),
(1153, 53, 13, 2.05),
(1154, 54, 13, 3.17),
(1155, 55, 13, 2.95),
(1156, 56, 13, 3.96),
(1157, 57, 13, 4.69),
(1158, 58, 13, 4.11),
(1159, 59, 13, 4.40),
(1160, 60, 13, 4.08),
(1161, 61, 13, 4.75),
(1162, 62, 13, 4.54),
(1163, 63, 13, 2.31),
(1164, 64, 13, 3.91),
(1165, 65, 13, 3.88),
(1166, 66, 13, 2.13),
(1167, 67, 13, 4.65),
(1168, 68, 13, 3.13),
(1169, 69, 13, 2.77),
(1170, 70, 13, 2.07),
(1171, 71, 13, 2.36),
(1172, 72, 13, 3.54),
(1173, 73, 13, 4.34),
(1174, 74, 13, 3.31),
(1175, 75, 13, 3.45),
(1176, 76, 13, 2.18),
(1177, 77, 13, 2.66),
(1178, 78, 13, 3.55),
(1179, 79, 13, 3.32),
(1180, 80, 13, 4.23),
(1181, 81, 13, 2.44),
(1182, 82, 13, 3.35),
(1183, 83, 13, 3.88),
(1184, 84, 13, 2.19),
(1185, 85, 13, 4.49),
(1186, 86, 13, 3.77),
(1187, 87, 13, 4.63),
(1188, 88, 13, 4.02),
(1189, 89, 13, 3.06),
(1190, 90, 13, 2.15),
(1191, 91, 13, 2.90),
(1192, 92, 13, 2.05),
(1193, 93, 13, 3.14),
(1194, 94, 13, 2.81),
(1195, 95, 13, 2.89),
(1196, 96, 13, 3.01),
(1197, 97, 13, 2.01),
(1198, 98, 13, 3.36),
(1199, 99, 13, 4.21),
(1200, 100, 13, 4.24),
(1201, 1, 14, 4.28),
(1202, 2, 14, 3.61),
(1203, 3, 14, 3.93),
(1204, 4, 14, 3.71),
(1205, 5, 14, 4.91),
(1206, 6, 14, 4.08),
(1207, 7, 14, 3.49),
(1208, 8, 14, 3.40),
(1209, 9, 14, 3.72),
(1210, 10, 14, 4.05),
(1211, 11, 14, 4.93),
(1212, 12, 14, 2.74),
(1213, 13, 14, 3.62),
(1214, 14, 14, 4.71),
(1215, 15, 14, 4.05),
(1216, 16, 14, 4.92),
(1217, 17, 14, 3.37),
(1218, 18, 14, 2.89),
(1219, 19, 14, 2.29),
(1220, 20, 14, 3.02),
(1221, 21, 14, 4.67),
(1222, 22, 14, 3.64),
(1223, 23, 14, 3.19),
(1224, 24, 14, 4.66),
(1225, 25, 14, 4.56),
(1226, 26, 14, 4.68),
(1227, 27, 14, 2.26),
(1228, 28, 14, 2.32),
(1229, 29, 14, 3.83),
(1230, 30, 14, 3.40),
(1231, 31, 14, 4.47),
(1232, 32, 14, 2.13),
(1233, 33, 14, 4.56),
(1234, 34, 14, 4.03),
(1235, 35, 14, 3.27),
(1236, 36, 14, 3.64),
(1237, 37, 14, 4.22),
(1238, 38, 14, 3.72),
(1239, 39, 14, 2.53),
(1240, 40, 14, 4.52),
(1241, 41, 14, 2.40),
(1242, 42, 14, 3.93),
(1243, 43, 14, 3.76),
(1244, 44, 14, 4.01),
(1245, 45, 14, 2.00),
(1246, 46, 14, 3.98),
(1247, 47, 14, 3.33),
(1248, 48, 14, 2.00),
(1249, 49, 14, 4.79),
(1250, 50, 14, 4.32),
(1251, 51, 14, 2.40),
(1252, 52, 14, 2.12),
(1253, 53, 14, 3.80),
(1254, 54, 14, 4.89),
(1255, 55, 14, 4.39),
(1256, 56, 14, 2.85),
(1257, 57, 14, 2.98),
(1258, 58, 14, 2.03),
(1259, 59, 14, 2.26),
(1260, 60, 14, 2.46),
(1261, 61, 14, 4.01),
(1262, 62, 14, 3.12),
(1263, 63, 14, 4.94),
(1264, 64, 14, 3.00),
(1265, 65, 14, 3.36),
(1266, 66, 14, 2.52),
(1267, 67, 14, 2.94),
(1268, 68, 14, 4.31),
(1269, 69, 14, 3.64),
(1270, 70, 14, 3.05),
(1271, 71, 14, 4.05),
(1272, 72, 14, 4.17),
(1273, 73, 14, 2.53),
(1274, 74, 14, 2.37),
(1275, 75, 14, 4.05),
(1276, 76, 14, 4.36),
(1277, 77, 14, 4.36),
(1278, 78, 14, 3.72),
(1279, 79, 14, 2.36),
(1280, 80, 14, 2.57),
(1281, 81, 14, 3.89),
(1282, 82, 14, 4.03),
(1283, 83, 14, 4.46),
(1284, 84, 14, 3.71),
(1285, 85, 14, 2.21),
(1286, 86, 14, 3.51),
(1287, 87, 14, 3.75),
(1288, 88, 14, 3.31),
(1289, 89, 14, 4.03),
(1290, 90, 14, 4.94),
(1291, 91, 14, 4.81),
(1292, 92, 14, 2.29),
(1293, 93, 14, 4.30),
(1294, 94, 14, 2.71),
(1295, 95, 14, 3.75),
(1296, 96, 14, 3.36),
(1297, 97, 14, 2.35),
(1298, 98, 14, 3.37),
(1299, 99, 14, 2.79),
(1300, 100, 14, 2.00),
(1301, 1, 15, 4.64),
(1302, 2, 15, 4.29),
(1303, 3, 15, 4.81),
(1304, 4, 15, 3.39),
(1305, 5, 15, 3.06),
(1306, 6, 15, 2.85),
(1307, 7, 15, 4.05),
(1308, 8, 15, 3.05),
(1309, 9, 15, 4.07),
(1310, 10, 15, 4.35),
(1311, 11, 15, 3.77),
(1312, 12, 15, 2.30),
(1313, 13, 15, 2.20),
(1314, 14, 15, 4.76),
(1315, 15, 15, 4.71),
(1316, 16, 15, 3.62),
(1317, 17, 15, 3.94),
(1318, 18, 15, 2.34),
(1319, 19, 15, 4.66),
(1320, 20, 15, 2.97),
(1321, 21, 15, 2.99),
(1322, 22, 15, 2.00),
(1323, 23, 15, 3.71),
(1324, 24, 15, 3.93),
(1325, 25, 15, 3.39),
(1326, 26, 15, 3.30),
(1327, 27, 15, 2.56),
(1328, 28, 15, 4.81),
(1329, 29, 15, 4.98),
(1330, 30, 15, 2.02),
(1331, 31, 15, 3.19),
(1332, 32, 15, 4.56),
(1333, 33, 15, 4.77),
(1334, 34, 15, 3.75),
(1335, 35, 15, 4.74),
(1336, 36, 15, 2.92),
(1337, 37, 15, 2.62),
(1338, 38, 15, 3.23),
(1339, 39, 15, 3.13),
(1340, 40, 15, 3.91),
(1341, 41, 15, 4.91),
(1342, 42, 15, 4.26),
(1343, 43, 15, 3.83),
(1344, 44, 15, 4.41),
(1345, 45, 15, 3.17),
(1346, 46, 15, 3.15),
(1347, 47, 15, 4.53),
(1348, 48, 15, 3.62),
(1349, 49, 15, 2.80),
(1350, 50, 15, 3.83),
(1351, 51, 15, 2.19),
(1352, 52, 15, 3.92),
(1353, 53, 15, 3.38),
(1354, 54, 15, 4.88),
(1355, 55, 15, 3.06),
(1356, 56, 15, 2.34),
(1357, 57, 15, 2.73),
(1358, 58, 15, 2.40),
(1359, 59, 15, 2.70),
(1360, 60, 15, 4.36),
(1361, 61, 15, 2.83),
(1362, 62, 15, 2.73),
(1363, 63, 15, 3.33),
(1364, 64, 15, 3.62),
(1365, 65, 15, 4.58),
(1366, 66, 15, 3.99),
(1367, 67, 15, 4.91),
(1368, 68, 15, 2.87),
(1369, 69, 15, 2.22),
(1370, 70, 15, 2.54),
(1371, 71, 15, 4.09),
(1372, 72, 15, 2.00),
(1373, 73, 15, 2.10),
(1374, 74, 15, 3.71),
(1375, 75, 15, 3.47),
(1376, 76, 15, 2.35),
(1377, 77, 15, 4.16),
(1378, 78, 15, 3.29),
(1379, 79, 15, 4.69),
(1380, 80, 15, 3.99),
(1381, 81, 15, 4.12),
(1382, 82, 15, 3.72),
(1383, 83, 15, 3.83),
(1384, 84, 15, 2.76),
(1385, 85, 15, 4.29),
(1386, 86, 15, 3.66),
(1387, 87, 15, 4.27),
(1388, 88, 15, 3.99),
(1389, 89, 15, 2.63),
(1390, 90, 15, 3.70),
(1391, 91, 15, 3.79),
(1392, 92, 15, 4.27),
(1393, 93, 15, 4.59),
(1394, 94, 15, 2.28),
(1395, 95, 15, 2.48),
(1396, 96, 15, 2.98),
(1397, 97, 15, 3.87),
(1398, 98, 15, 3.18),
(1399, 99, 15, 4.25),
(1400, 100, 15, 2.75),
(1401, 1, 16, 2.30),
(1402, 2, 16, 3.99),
(1403, 3, 16, 2.08),
(1404, 4, 16, 3.62),
(1405, 5, 16, 4.14),
(1406, 6, 16, 3.58),
(1407, 7, 16, 4.62),
(1408, 8, 16, 2.65),
(1409, 9, 16, 2.08),
(1410, 10, 16, 3.21),
(1411, 11, 16, 3.20),
(1412, 12, 16, 2.08),
(1413, 13, 16, 4.76),
(1414, 14, 16, 3.29),
(1415, 15, 16, 3.91),
(1416, 16, 16, 3.19),
(1417, 17, 16, 3.45),
(1418, 18, 16, 3.88),
(1419, 19, 16, 4.71),
(1420, 20, 16, 4.81),
(1421, 21, 16, 4.35),
(1422, 22, 16, 2.59),
(1423, 23, 16, 2.42),
(1424, 24, 16, 4.47),
(1425, 25, 16, 3.11),
(1426, 26, 16, 3.82),
(1427, 27, 16, 2.03),
(1428, 28, 16, 4.61),
(1429, 29, 16, 2.48),
(1430, 30, 16, 3.40),
(1431, 31, 16, 4.61),
(1432, 32, 16, 3.64),
(1433, 33, 16, 2.26),
(1434, 34, 16, 4.62),
(1435, 35, 16, 3.47),
(1436, 36, 16, 2.74),
(1437, 37, 16, 3.41),
(1438, 38, 16, 4.28),
(1439, 39, 16, 2.24),
(1440, 40, 16, 4.12),
(1441, 41, 16, 2.41),
(1442, 42, 16, 4.86),
(1443, 43, 16, 3.58),
(1444, 44, 16, 4.31),
(1445, 45, 16, 4.84),
(1446, 46, 16, 4.20),
(1447, 47, 16, 2.39),
(1448, 48, 16, 3.33),
(1449, 49, 16, 2.02),
(1450, 50, 16, 2.50),
(1451, 51, 16, 2.59),
(1452, 52, 16, 3.44),
(1453, 53, 16, 4.97),
(1454, 54, 16, 2.89),
(1455, 55, 16, 4.55),
(1456, 56, 16, 2.91),
(1457, 57, 16, 4.82),
(1458, 58, 16, 3.57),
(1459, 59, 16, 3.14),
(1460, 60, 16, 2.85),
(1461, 61, 16, 2.58),
(1462, 62, 16, 2.94),
(1463, 63, 16, 4.70),
(1464, 64, 16, 3.46),
(1465, 65, 16, 3.29),
(1466, 66, 16, 4.32),
(1467, 67, 16, 2.64),
(1468, 68, 16, 4.64),
(1469, 69, 16, 4.39),
(1470, 70, 16, 4.43),
(1471, 71, 16, 4.32),
(1472, 72, 16, 4.80),
(1473, 73, 16, 2.69),
(1474, 74, 16, 4.07),
(1475, 75, 16, 4.46),
(1476, 76, 16, 2.03),
(1477, 77, 16, 4.83),
(1478, 78, 16, 4.13),
(1479, 79, 16, 4.35),
(1480, 80, 16, 3.59),
(1481, 81, 16, 3.10),
(1482, 82, 16, 2.29),
(1483, 83, 16, 4.53),
(1484, 84, 16, 3.42),
(1485, 85, 16, 2.33),
(1486, 86, 16, 2.13),
(1487, 87, 16, 4.67),
(1488, 88, 16, 3.18),
(1489, 89, 16, 2.03),
(1490, 90, 16, 4.86),
(1491, 91, 16, 4.94),
(1492, 92, 16, 2.84),
(1493, 93, 16, 2.58),
(1494, 94, 16, 4.29),
(1495, 95, 16, 3.83),
(1496, 96, 16, 2.18),
(1497, 97, 16, 3.92),
(1498, 98, 16, 3.96),
(1499, 99, 16, 2.60),
(1500, 100, 16, 3.02),
(1501, 1, 17, 4.15),
(1502, 2, 17, 3.94),
(1503, 3, 17, 2.48),
(1504, 4, 17, 4.44),
(1505, 5, 17, 4.79),
(1506, 6, 17, 3.76),
(1507, 7, 17, 2.12),
(1508, 8, 17, 2.29),
(1509, 9, 17, 3.32),
(1510, 10, 17, 5.00),
(1511, 11, 17, 3.64),
(1512, 12, 17, 4.70),
(1513, 13, 17, 4.78),
(1514, 14, 17, 3.91),
(1515, 15, 17, 2.12),
(1516, 16, 17, 4.50),
(1517, 17, 17, 4.76),
(1518, 18, 17, 2.66),
(1519, 19, 17, 3.99),
(1520, 20, 17, 4.91),
(1521, 21, 17, 2.45),
(1522, 22, 17, 2.19),
(1523, 23, 17, 3.66),
(1524, 24, 17, 3.95),
(1525, 25, 17, 4.88),
(1526, 26, 17, 2.24),
(1527, 27, 17, 2.08),
(1528, 28, 17, 4.76),
(1529, 29, 17, 3.15),
(1530, 30, 17, 3.78),
(1531, 31, 17, 4.91),
(1532, 32, 17, 3.81),
(1533, 33, 17, 2.62),
(1534, 34, 17, 2.35),
(1535, 35, 17, 3.84),
(1536, 36, 17, 4.05),
(1537, 37, 17, 4.33),
(1538, 38, 17, 2.56),
(1539, 39, 17, 3.65),
(1540, 40, 17, 4.91),
(1541, 41, 17, 3.13),
(1542, 42, 17, 4.71),
(1543, 43, 17, 3.75),
(1544, 44, 17, 2.17),
(1545, 45, 17, 3.86),
(1546, 46, 17, 2.47),
(1547, 47, 17, 3.85),
(1548, 48, 17, 3.52),
(1549, 49, 17, 2.69),
(1550, 50, 17, 3.75),
(1551, 51, 17, 4.67),
(1552, 52, 17, 2.37),
(1553, 53, 17, 4.99),
(1554, 54, 17, 3.00),
(1555, 55, 17, 2.79),
(1556, 56, 17, 2.45),
(1557, 57, 17, 4.77),
(1558, 58, 17, 2.35),
(1559, 59, 17, 5.00),
(1560, 60, 17, 2.71),
(1561, 61, 17, 3.00),
(1562, 62, 17, 2.58),
(1563, 63, 17, 3.83),
(1564, 64, 17, 2.73),
(1565, 65, 17, 2.54),
(1566, 66, 17, 4.73),
(1567, 67, 17, 3.57),
(1568, 68, 17, 3.06),
(1569, 69, 17, 5.00),
(1570, 70, 17, 2.95),
(1571, 71, 17, 2.16),
(1572, 72, 17, 4.36),
(1573, 73, 17, 4.24),
(1574, 74, 17, 4.32),
(1575, 75, 17, 4.88),
(1576, 76, 17, 2.67),
(1577, 77, 17, 2.50),
(1578, 78, 17, 3.72),
(1579, 79, 17, 4.17),
(1580, 80, 17, 4.82),
(1581, 81, 17, 2.98),
(1582, 82, 17, 2.00),
(1583, 83, 17, 3.68),
(1584, 84, 17, 4.27),
(1585, 85, 17, 3.71),
(1586, 86, 17, 2.42),
(1587, 87, 17, 4.17),
(1588, 88, 17, 2.00),
(1589, 89, 17, 2.66),
(1590, 90, 17, 2.52),
(1591, 91, 17, 4.07),
(1592, 92, 17, 2.44),
(1593, 93, 17, 3.76),
(1594, 94, 17, 3.36),
(1595, 95, 17, 2.90),
(1596, 96, 17, 4.26),
(1597, 97, 17, 2.38),
(1598, 98, 17, 4.91),
(1599, 99, 17, 2.21),
(1600, 100, 17, 4.17),
(1601, 1, 18, 4.46),
(1602, 2, 18, 5.00),
(1603, 3, 18, 2.06),
(1604, 4, 18, 3.24),
(1605, 5, 18, 3.40),
(1606, 6, 18, 4.80),
(1607, 7, 18, 2.33),
(1608, 8, 18, 2.14),
(1609, 9, 18, 3.12),
(1610, 10, 18, 4.76),
(1611, 11, 18, 3.15),
(1612, 12, 18, 4.26),
(1613, 13, 18, 4.42),
(1614, 14, 18, 4.42),
(1615, 15, 18, 2.80),
(1616, 16, 18, 3.63),
(1617, 17, 18, 4.96),
(1618, 18, 18, 4.95),
(1619, 19, 18, 4.64),
(1620, 20, 18, 4.23),
(1621, 21, 18, 3.03),
(1622, 22, 18, 4.05),
(1623, 23, 18, 4.10),
(1624, 24, 18, 4.61),
(1625, 25, 18, 3.81),
(1626, 26, 18, 3.88),
(1627, 27, 18, 3.36),
(1628, 28, 18, 4.23),
(1629, 29, 18, 3.12),
(1630, 30, 18, 4.23),
(1631, 31, 18, 3.40),
(1632, 32, 18, 3.18),
(1633, 33, 18, 2.15),
(1634, 34, 18, 3.01),
(1635, 35, 18, 3.44),
(1636, 36, 18, 4.23),
(1637, 37, 18, 4.16),
(1638, 38, 18, 3.02),
(1639, 39, 18, 4.99),
(1640, 40, 18, 5.00),
(1641, 41, 18, 2.26),
(1642, 42, 18, 4.48),
(1643, 43, 18, 2.63),
(1644, 44, 18, 2.00),
(1645, 45, 18, 4.34),
(1646, 46, 18, 3.89),
(1647, 47, 18, 4.20),
(1648, 48, 18, 4.30),
(1649, 49, 18, 3.82),
(1650, 50, 18, 2.89),
(1651, 51, 18, 4.58),
(1652, 52, 18, 3.48),
(1653, 53, 18, 2.09),
(1654, 54, 18, 2.49),
(1655, 55, 18, 2.71),
(1656, 56, 18, 4.45),
(1657, 57, 18, 4.21),
(1658, 58, 18, 2.71),
(1659, 59, 18, 2.14),
(1660, 60, 18, 2.98),
(1661, 61, 18, 3.16),
(1662, 62, 18, 3.79),
(1663, 63, 18, 2.98),
(1664, 64, 18, 2.75),
(1665, 65, 18, 3.01),
(1666, 66, 18, 3.97),
(1667, 67, 18, 3.53),
(1668, 68, 18, 4.53),
(1669, 69, 18, 4.54),
(1670, 70, 18, 2.80),
(1671, 71, 18, 4.94),
(1672, 72, 18, 3.18),
(1673, 73, 18, 2.41),
(1674, 74, 18, 4.66),
(1675, 75, 18, 3.56),
(1676, 76, 18, 4.04),
(1677, 77, 18, 3.34),
(1678, 78, 18, 3.47),
(1679, 79, 18, 2.40),
(1680, 80, 18, 2.60),
(1681, 81, 18, 4.44),
(1682, 82, 18, 4.67),
(1683, 83, 18, 4.95),
(1684, 84, 18, 2.65),
(1685, 85, 18, 3.25),
(1686, 86, 18, 4.85),
(1687, 87, 18, 4.27),
(1688, 88, 18, 4.89),
(1689, 89, 18, 4.12),
(1690, 90, 18, 2.65),
(1691, 91, 18, 4.14),
(1692, 92, 18, 2.21),
(1693, 93, 18, 3.25),
(1694, 94, 18, 2.74),
(1695, 95, 18, 3.40),
(1696, 96, 18, 4.66),
(1697, 97, 18, 4.82),
(1698, 98, 18, 2.77),
(1699, 99, 18, 2.98),
(1700, 100, 18, 2.92),
(1701, 1, 19, 3.86),
(1702, 2, 19, 4.94),
(1703, 3, 19, 3.57),
(1704, 4, 19, 2.34),
(1705, 5, 19, 2.05),
(1707, 7, 19, 3.45),
(1708, 8, 19, 2.54),
(1709, 9, 19, 2.96),
(1710, 10, 19, 3.51),
(1711, 11, 19, 4.20),
(1712, 12, 19, 4.63),
(1713, 13, 19, 3.47),
(1714, 14, 19, 3.77),
(1715, 15, 19, 3.64),
(1716, 16, 19, 3.14),
(1717, 17, 19, 3.37),
(1718, 18, 19, 2.56),
(1719, 19, 19, 3.53),
(1720, 20, 19, 3.03),
(1721, 21, 19, 2.63),
(1722, 22, 19, 2.78),
(1723, 23, 19, 4.00),
(1724, 24, 19, 3.56),
(1725, 25, 19, 4.40),
(1726, 26, 19, 4.29),
(1727, 27, 19, 3.46),
(1728, 28, 19, 4.64),
(1729, 29, 19, 3.91),
(1730, 30, 19, 2.30),
(1731, 31, 19, 4.98),
(1732, 32, 19, 3.59),
(1733, 33, 19, 2.74),
(1734, 34, 19, 4.19),
(1735, 35, 19, 3.55),
(1736, 36, 19, 3.05),
(1737, 37, 19, 3.82),
(1738, 38, 19, 4.89),
(1739, 39, 19, 2.09),
(1740, 40, 19, 3.84),
(1741, 41, 19, 2.99),
(1742, 42, 19, 3.11),
(1743, 43, 19, 4.51),
(1744, 44, 19, 2.69),
(1745, 45, 19, 3.96),
(1746, 46, 19, 3.90),
(1747, 47, 19, 2.79),
(1748, 48, 19, 4.86),
(1749, 49, 19, 4.75),
(1750, 50, 19, 4.87),
(1751, 51, 19, 4.56),
(1752, 52, 19, 4.74),
(1753, 53, 19, 2.12),
(1754, 54, 19, 3.82),
(1755, 55, 19, 2.63),
(1756, 56, 19, 2.49),
(1757, 57, 19, 4.24),
(1758, 58, 19, 3.99),
(1759, 59, 19, 3.55),
(1760, 60, 19, 4.64),
(1761, 61, 19, 2.18),
(1762, 62, 19, 3.36),
(1763, 63, 19, 2.80),
(1764, 64, 19, 3.68),
(1765, 65, 19, 2.60),
(1766, 66, 19, 4.64),
(1767, 67, 19, 3.74),
(1768, 68, 19, 4.65),
(1769, 69, 19, 3.74),
(1770, 70, 19, 4.87),
(1771, 71, 19, 2.25),
(1772, 72, 19, 3.84),
(1773, 73, 19, 2.79),
(1774, 74, 19, 4.90),
(1775, 75, 19, 2.43),
(1776, 76, 19, 3.53),
(1777, 77, 19, 2.47),
(1778, 78, 19, 2.68),
(1779, 79, 19, 2.40),
(1780, 80, 19, 4.10),
(1781, 81, 19, 4.67),
(1782, 82, 19, 3.67),
(1783, 83, 19, 2.52),
(1784, 84, 19, 4.31),
(1785, 85, 19, 4.65),
(1786, 86, 19, 2.65),
(1787, 87, 19, 2.05),
(1788, 88, 19, 3.26),
(1789, 89, 19, 2.96),
(1790, 90, 19, 2.69),
(1791, 91, 19, 3.83),
(1792, 92, 19, 2.96),
(1793, 93, 19, 2.37),
(1794, 94, 19, 2.07),
(1795, 95, 19, 4.21),
(1796, 96, 19, 3.04),
(1797, 97, 19, 4.67),
(1798, 98, 19, 3.76),
(1799, 99, 19, 2.82),
(1800, 100, 19, 4.62),
(1801, 1, 20, 2.09),
(1802, 2, 20, 3.92),
(1803, 3, 20, 3.63),
(1804, 4, 20, 4.81),
(1805, 5, 20, 4.82),
(1806, 6, 20, 3.38),
(1807, 7, 20, 3.67),
(1808, 8, 20, 4.25),
(1809, 9, 20, 2.54),
(1810, 10, 20, 4.95),
(1811, 11, 20, 2.49),
(1812, 12, 20, 4.91),
(1813, 13, 20, 4.52),
(1814, 14, 20, 3.17),
(1815, 15, 20, 2.27),
(1816, 16, 20, 2.18),
(1817, 17, 20, 4.42),
(1818, 18, 20, 3.06),
(1819, 19, 20, 3.84),
(1820, 20, 20, 2.96),
(1821, 21, 20, 2.64),
(1822, 22, 20, 4.10),
(1823, 23, 20, 3.67),
(1824, 24, 20, 4.22),
(1825, 25, 20, 3.32),
(1826, 26, 20, 2.67),
(1827, 27, 20, 2.57),
(1828, 28, 20, 2.00),
(1829, 29, 20, 2.80),
(1830, 30, 20, 4.96),
(1831, 31, 20, 2.23),
(1832, 32, 20, 3.85),
(1833, 33, 20, 4.86),
(1834, 34, 20, 2.66),
(1835, 35, 20, 4.81),
(1836, 36, 20, 4.74),
(1837, 37, 20, 4.43),
(1838, 38, 20, 3.95),
(1839, 39, 20, 3.15),
(1840, 40, 20, 4.37),
(1841, 41, 20, 2.36),
(1842, 42, 20, 3.73),
(1843, 43, 20, 2.16),
(1844, 44, 20, 3.05),
(1845, 45, 20, 3.21),
(1846, 46, 20, 4.54),
(1847, 47, 20, 4.31),
(1848, 48, 20, 3.14),
(1849, 49, 20, 4.55),
(1850, 50, 20, 2.64),
(1851, 51, 20, 4.44),
(1852, 52, 20, 3.17),
(1853, 53, 20, 4.65),
(1854, 54, 20, 2.61),
(1855, 55, 20, 2.91),
(1856, 56, 20, 2.16),
(1857, 57, 20, 3.62),
(1858, 58, 20, 2.19),
(1859, 59, 20, 2.38),
(1860, 60, 20, 2.65),
(1861, 61, 20, 2.15),
(1862, 62, 20, 3.18),
(1863, 63, 20, 3.51),
(1864, 64, 20, 2.39),
(1865, 65, 20, 2.42),
(1866, 66, 20, 4.38),
(1867, 67, 20, 3.21),
(1868, 68, 20, 3.34),
(1869, 69, 20, 4.38),
(1870, 70, 20, 3.96),
(1871, 71, 20, 4.53),
(1872, 72, 20, 4.02),
(1873, 73, 20, 3.84),
(1874, 74, 20, 4.56),
(1875, 75, 20, 4.28),
(1876, 76, 20, 3.01),
(1877, 77, 20, 3.45),
(1878, 78, 20, 2.35),
(1879, 79, 20, 4.40),
(1880, 80, 20, 4.50),
(1881, 81, 20, 3.07),
(1882, 82, 20, 4.72),
(1883, 83, 20, 2.24),
(1884, 84, 20, 4.94),
(1885, 85, 20, 3.51),
(1886, 86, 20, 3.62),
(1887, 87, 20, 3.85),
(1888, 88, 20, 4.40),
(1889, 89, 20, 2.44),
(1890, 90, 20, 4.88),
(1891, 91, 20, 3.96),
(1892, 92, 20, 2.34),
(1893, 93, 20, 3.45),
(1894, 94, 20, 3.37),
(1895, 95, 20, 3.82),
(1896, 96, 20, 3.43),
(1897, 97, 20, 4.76),
(1898, 98, 20, 2.15),
(1899, 99, 20, 4.62),
(1900, 100, 20, 3.14),
(1901, 4, 1, 8.00),
(1902, 101, 2, 2.93),
(1903, 102, 2, 4.85),
(1904, 103, 2, 2.57),
(1905, 104, 2, 2.31),
(1906, 105, 2, 3.75),
(1907, 106, 2, 3.38),
(1908, 107, 2, 2.04),
(1909, 108, 2, 3.74),
(1910, 109, 2, 2.37),
(1911, 110, 2, 3.97),
(1912, 111, 2, 2.89),
(1913, 112, 2, 4.61),
(1914, 113, 2, 2.77),
(1915, 114, 2, 2.61),
(1916, 115, 2, 4.71),
(1917, 116, 2, 2.59),
(1918, 117, 2, 2.61),
(1919, 118, 2, 3.97),
(1920, 119, 2, 2.41),
(1921, 120, 2, 3.44),
(1922, 121, 2, 2.69),
(1923, 122, 2, 5.00),
(1924, 123, 2, 4.35),
(1925, 124, 2, 3.91),
(1926, 125, 2, 2.71),
(1927, 126, 2, 2.46),
(1928, 127, 2, 2.33),
(1929, 128, 2, 3.19),
(1930, 129, 2, 2.35),
(1931, 130, 2, 2.01),
(1932, 131, 2, 2.43),
(1933, 132, 2, 4.98),
(1934, 133, 2, 2.51),
(1935, 134, 2, 4.15),
(1936, 135, 2, 3.29),
(1937, 136, 2, 2.12),
(1938, 137, 2, 3.85),
(1939, 138, 2, 3.26),
(1940, 139, 2, 4.42),
(1941, 140, 2, 4.75),
(1942, 141, 2, 4.94),
(1943, 142, 2, 2.27),
(1944, 143, 2, 3.29),
(1945, 144, 2, 2.57),
(1946, 145, 2, 3.16),
(1947, 146, 2, 2.73),
(1948, 147, 2, 3.58),
(1949, 148, 2, 4.06),
(1950, 149, 2, 2.87),
(1951, 150, 2, 2.51),
(1952, 151, 2, 3.16),
(1953, 152, 2, 5.00),
(1954, 153, 2, 2.80),
(1955, 154, 2, 4.75),
(1956, 155, 2, 3.29),
(1957, 156, 2, 2.23),
(1958, 157, 2, 3.46),
(1959, 158, 2, 3.22),
(1960, 159, 2, 2.09),
(1961, 160, 2, 3.98),
(1962, 161, 2, 3.86),
(1963, 162, 2, 2.59),
(1964, 163, 2, 3.55),
(1965, 164, 2, 3.55),
(1966, 165, 2, 4.56),
(1967, 166, 2, 2.34),
(1968, 167, 2, 4.31),
(1969, 168, 2, 2.38),
(1970, 169, 2, 2.87),
(1971, 170, 2, 4.52),
(1972, 171, 2, 4.39),
(1973, 172, 2, 3.80),
(1974, 173, 2, 4.08),
(1975, 174, 2, 2.91),
(1976, 175, 2, 4.70),
(1977, 176, 2, 4.11),
(1978, 177, 2, 3.26),
(1979, 178, 2, 4.05),
(1980, 179, 2, 4.72),
(1981, 180, 2, 4.03),
(1982, 181, 2, 2.86),
(1983, 182, 2, 3.65),
(1984, 183, 2, 5.00),
(1985, 184, 2, 2.69),
(1986, 185, 2, 2.49),
(1987, 186, 2, 3.13),
(1988, 187, 2, 3.77),
(1989, 188, 2, 4.60),
(1990, 189, 2, 2.66),
(1991, 190, 2, 3.60),
(1992, 191, 2, 2.48),
(1993, 192, 2, 2.33),
(1994, 193, 2, 4.08),
(1995, 194, 2, 3.98),
(1996, 195, 2, 2.81),
(1997, 196, 2, 4.23),
(1998, 197, 2, 4.00),
(1999, 198, 2, 4.98),
(2000, 199, 2, 2.36),
(2001, 200, 2, 3.11),
(2002, 201, 2, 3.23),
(2003, 202, 2, 4.56),
(2004, 203, 2, 2.57),
(2005, 204, 2, 4.68),
(2006, 205, 2, 2.28),
(2007, 206, 2, 2.83),
(2008, 207, 2, 3.43),
(2009, 208, 2, 4.05),
(2010, 209, 2, 2.01),
(2011, 210, 2, 3.12),
(2012, 211, 2, 2.29),
(2013, 212, 2, 4.70),
(2014, 213, 2, 3.25),
(2015, 214, 2, 3.10),
(2016, 215, 2, 2.79),
(2017, 216, 2, 2.50),
(2018, 217, 2, 5.00),
(2019, 218, 2, 2.25),
(2020, 219, 2, 4.70),
(2021, 220, 2, 4.76),
(2022, 221, 2, 4.00),
(2023, 222, 2, 2.02),
(2024, 223, 2, 2.01),
(2025, 224, 2, 4.31),
(2026, 225, 2, 4.94),
(2027, 226, 2, 3.82),
(2028, 227, 2, 4.29),
(2029, 228, 2, 2.92),
(2030, 229, 2, 3.46),
(2031, 230, 2, 2.13),
(2032, 231, 2, 4.77),
(2033, 232, 2, 4.21),
(2034, 233, 2, 3.90),
(2035, 234, 2, 2.96),
(2036, 235, 2, 4.68),
(2037, 236, 2, 5.00),
(2038, 237, 2, 2.38),
(2039, 238, 2, 3.29),
(2040, 239, 2, 2.02),
(2041, 240, 2, 2.99),
(2042, 241, 2, 3.77),
(2043, 242, 2, 2.51),
(2044, 243, 2, 3.75),
(2045, 244, 2, 3.82),
(2046, 245, 2, 4.06),
(2047, 246, 2, 4.36),
(2048, 247, 2, 4.51),
(2049, 248, 2, 3.01),
(2050, 249, 2, 4.38),
(2051, 250, 2, 2.80),
(2052, 251, 2, 2.53),
(2053, 252, 2, 2.51),
(2054, 253, 2, 2.49),
(2055, 254, 2, 2.16),
(2056, 255, 2, 3.60),
(2057, 101, 3, 2.16),
(2058, 102, 3, 4.38),
(2059, 103, 3, 4.78),
(2060, 104, 3, 2.00),
(2061, 105, 3, 4.04),
(2062, 106, 3, 2.36),
(2063, 107, 3, 2.57),
(2064, 108, 3, 3.76),
(2065, 109, 3, 2.87),
(2066, 110, 3, 2.51),
(2067, 111, 3, 2.61),
(2068, 112, 3, 4.11),
(2069, 113, 3, 3.39),
(2070, 114, 3, 3.10),
(2071, 115, 3, 4.80),
(2072, 116, 3, 2.03),
(2073, 117, 3, 3.13),
(2074, 118, 3, 3.12),
(2075, 119, 3, 2.34),
(2076, 120, 3, 4.32),
(2077, 121, 3, 4.71),
(2078, 122, 3, 2.16),
(2079, 123, 3, 4.83),
(2080, 124, 3, 4.01),
(2081, 125, 3, 4.78),
(2082, 126, 3, 2.68),
(2083, 127, 3, 2.81),
(2084, 128, 3, 3.63),
(2085, 129, 3, 3.06),
(2086, 130, 3, 4.90),
(2087, 131, 3, 5.00),
(2088, 132, 3, 2.52),
(2089, 133, 3, 3.92),
(2090, 134, 3, 3.77),
(2091, 135, 3, 4.36),
(2092, 136, 3, 4.75),
(2093, 137, 3, 2.44),
(2094, 138, 3, 4.72),
(2095, 139, 3, 4.40),
(2096, 140, 3, 3.71),
(2097, 141, 3, 3.86),
(2098, 142, 3, 2.16),
(2099, 143, 3, 2.59),
(2100, 144, 3, 3.98),
(2101, 145, 3, 3.94),
(2102, 146, 3, 4.28),
(2103, 147, 3, 4.27),
(2104, 148, 3, 2.17),
(2105, 149, 3, 4.65),
(2106, 150, 3, 3.54),
(2107, 151, 3, 4.64),
(2108, 152, 3, 3.06),
(2109, 153, 3, 4.27),
(2110, 154, 3, 3.02),
(2111, 155, 3, 4.96),
(2112, 156, 3, 3.05),
(2113, 157, 3, 2.14),
(2114, 158, 3, 2.87),
(2115, 159, 3, 4.36),
(2116, 160, 3, 4.22),
(2117, 161, 3, 4.79),
(2118, 162, 3, 4.52),
(2119, 163, 3, 2.39),
(2120, 164, 3, 2.80),
(2121, 165, 3, 3.58),
(2122, 166, 3, 2.70),
(2123, 167, 3, 4.86),
(2124, 168, 3, 4.86),
(2125, 169, 3, 2.70),
(2126, 170, 3, 4.30),
(2127, 171, 3, 2.21),
(2128, 172, 3, 4.42),
(2129, 173, 3, 3.43),
(2130, 174, 3, 2.42),
(2131, 175, 3, 2.52),
(2132, 176, 3, 3.61),
(2133, 177, 3, 4.47),
(2134, 178, 3, 3.88),
(2135, 179, 3, 2.71),
(2136, 180, 3, 3.61),
(2137, 181, 3, 3.11),
(2138, 182, 3, 2.26),
(2139, 183, 3, 4.44),
(2140, 184, 3, 2.94),
(2141, 185, 3, 4.39),
(2142, 186, 3, 3.33),
(2143, 187, 3, 2.45),
(2144, 188, 3, 2.11),
(2145, 189, 3, 3.66),
(2146, 190, 3, 2.12),
(2147, 191, 3, 4.34),
(2148, 192, 3, 4.48),
(2149, 193, 3, 3.33),
(2150, 194, 3, 3.82),
(2151, 195, 3, 3.25),
(2152, 196, 3, 3.00),
(2153, 197, 3, 4.02),
(2154, 198, 3, 3.95),
(2155, 199, 3, 2.12),
(2156, 200, 3, 4.53),
(2157, 201, 3, 4.05),
(2158, 202, 3, 2.26),
(2159, 203, 3, 2.96),
(2160, 204, 3, 2.99),
(2161, 205, 3, 4.40),
(2162, 206, 3, 4.48),
(2163, 207, 3, 3.02),
(2164, 208, 3, 3.35),
(2165, 209, 3, 3.68),
(2166, 210, 3, 4.15),
(2167, 211, 3, 2.81),
(2168, 212, 3, 4.45),
(2169, 213, 3, 2.27),
(2170, 214, 3, 2.09),
(2171, 215, 3, 4.21),
(2172, 216, 3, 4.93),
(2173, 217, 3, 2.66),
(2174, 218, 3, 2.81),
(2175, 219, 3, 4.56),
(2176, 220, 3, 2.18),
(2177, 221, 3, 4.54),
(2178, 222, 3, 3.12),
(2179, 223, 3, 4.01),
(2180, 224, 3, 3.53),
(2181, 225, 3, 3.80),
(2182, 226, 3, 3.87),
(2183, 227, 3, 4.97),
(2184, 228, 3, 3.93),
(2185, 229, 3, 2.63),
(2186, 230, 3, 4.75),
(2187, 231, 3, 3.00),
(2188, 232, 3, 4.67),
(2189, 233, 3, 3.79),
(2190, 234, 3, 4.10),
(2191, 235, 3, 2.18),
(2192, 236, 3, 2.60),
(2193, 237, 3, 4.73),
(2194, 238, 3, 3.05),
(2195, 239, 3, 2.16),
(2196, 240, 3, 2.16),
(2197, 241, 3, 2.65),
(2198, 242, 3, 2.80),
(2199, 243, 3, 3.82),
(2200, 244, 3, 3.44),
(2201, 245, 3, 3.31),
(2202, 246, 3, 4.94),
(2203, 247, 3, 2.85),
(2204, 248, 3, 4.28),
(2205, 249, 3, 3.58),
(2206, 250, 3, 2.74),
(2207, 251, 3, 2.30),
(2208, 252, 3, 3.53),
(2209, 253, 3, 3.17),
(2210, 254, 3, 2.22),
(2211, 255, 3, 3.47),
(2212, 101, 4, 3.17),
(2213, 102, 4, 2.02),
(2214, 103, 4, 2.07),
(2215, 104, 4, 4.36),
(2216, 105, 4, 3.35),
(2217, 106, 4, 3.60),
(2218, 107, 4, 3.39),
(2219, 108, 4, 3.05),
(2220, 109, 4, 2.93),
(2221, 110, 4, 2.26),
(2222, 111, 4, 4.27),
(2223, 112, 4, 4.08),
(2224, 113, 4, 4.27),
(2225, 114, 4, 3.64),
(2226, 115, 4, 2.95),
(2227, 116, 4, 4.70),
(2228, 117, 4, 3.14),
(2229, 118, 4, 4.38),
(2230, 119, 4, 3.71),
(2231, 120, 4, 5.00),
(2232, 121, 4, 2.34),
(2233, 122, 4, 3.68),
(2234, 123, 4, 3.78),
(2235, 124, 4, 3.83),
(2236, 125, 4, 2.72),
(2237, 126, 4, 4.92),
(2238, 127, 4, 4.70),
(2239, 128, 4, 4.65),
(2240, 129, 4, 2.70),
(2241, 130, 4, 3.66),
(2242, 131, 4, 4.50),
(2243, 132, 4, 4.60),
(2244, 133, 4, 2.17),
(2245, 134, 4, 4.60),
(2246, 135, 4, 2.14),
(2247, 136, 4, 3.28),
(2248, 137, 4, 4.88),
(2249, 138, 4, 4.57),
(2250, 139, 4, 4.90),
(2251, 140, 4, 2.10),
(2252, 141, 4, 4.72),
(2253, 142, 4, 4.62),
(2254, 143, 4, 4.99),
(2255, 144, 4, 2.38),
(2256, 145, 4, 2.96),
(2257, 146, 4, 4.47),
(2258, 147, 4, 2.18),
(2259, 148, 4, 2.09),
(2260, 149, 4, 3.86),
(2261, 150, 4, 4.99),
(2262, 151, 4, 3.04),
(2263, 152, 4, 4.06),
(2264, 153, 4, 3.57),
(2265, 154, 4, 4.94),
(2266, 155, 4, 3.95),
(2267, 156, 4, 4.47),
(2268, 157, 4, 3.53),
(2269, 158, 4, 3.33),
(2270, 159, 4, 2.55),
(2271, 160, 4, 4.08),
(2272, 161, 4, 3.78),
(2273, 162, 4, 2.98),
(2274, 163, 4, 4.20),
(2275, 164, 4, 3.40),
(2276, 165, 4, 2.53),
(2277, 166, 4, 4.46),
(2278, 167, 4, 3.32),
(2279, 168, 4, 3.51),
(2280, 169, 4, 4.17),
(2281, 170, 4, 4.49),
(2282, 171, 4, 4.43),
(2283, 172, 4, 2.69),
(2284, 173, 4, 4.88),
(2285, 174, 4, 4.99),
(2286, 175, 4, 3.76),
(2287, 176, 4, 2.70),
(2288, 177, 4, 4.09),
(2289, 178, 4, 4.62),
(2290, 179, 4, 3.72),
(2291, 180, 4, 4.17),
(2292, 181, 4, 2.46),
(2293, 182, 4, 2.99),
(2294, 183, 4, 3.39),
(2295, 184, 4, 3.79),
(2296, 185, 4, 2.71),
(2297, 186, 4, 4.57),
(2298, 187, 4, 4.52),
(2299, 188, 4, 3.68),
(2300, 189, 4, 3.97),
(2301, 190, 4, 3.38),
(2302, 191, 4, 2.60),
(2303, 192, 4, 3.43),
(2304, 193, 4, 3.00),
(2305, 194, 4, 2.96),
(2306, 195, 4, 4.89),
(2307, 196, 4, 4.39),
(2308, 197, 4, 4.68),
(2309, 198, 4, 3.40),
(2310, 199, 4, 3.01),
(2311, 200, 4, 4.85),
(2312, 201, 4, 2.79),
(2313, 202, 4, 3.24),
(2314, 203, 4, 2.62),
(2315, 204, 4, 2.20),
(2316, 205, 4, 3.16),
(2317, 206, 4, 2.45),
(2318, 207, 4, 4.42),
(2319, 208, 4, 4.01),
(2320, 209, 4, 3.30),
(2321, 210, 4, 2.70),
(2322, 211, 4, 2.59),
(2323, 212, 4, 3.54),
(2324, 213, 4, 2.12),
(2325, 214, 4, 3.48),
(2326, 215, 4, 2.57),
(2327, 216, 4, 2.78),
(2328, 217, 4, 2.44),
(2329, 218, 4, 4.47),
(2330, 219, 4, 2.33),
(2331, 220, 4, 2.19),
(2332, 221, 4, 2.32),
(2333, 222, 4, 2.18),
(2334, 223, 4, 2.50),
(2335, 224, 4, 2.18),
(2336, 225, 4, 3.54),
(2337, 226, 4, 4.78),
(2338, 227, 4, 2.60),
(2339, 228, 4, 3.92),
(2340, 229, 4, 3.19),
(2341, 230, 4, 4.88),
(2342, 231, 4, 2.95),
(2343, 232, 4, 2.80),
(2344, 233, 4, 3.14),
(2345, 234, 4, 2.03),
(2346, 235, 4, 3.72),
(2347, 236, 4, 3.03),
(2348, 237, 4, 3.74),
(2349, 238, 4, 4.64),
(2350, 239, 4, 2.99),
(2351, 240, 4, 3.95),
(2352, 241, 4, 3.00),
(2353, 242, 4, 3.65),
(2354, 243, 4, 4.26),
(2355, 244, 4, 4.39),
(2356, 245, 4, 3.57),
(2357, 246, 4, 2.38),
(2358, 247, 4, 3.34),
(2359, 248, 4, 2.54),
(2360, 249, 4, 2.58),
(2361, 250, 4, 4.73),
(2362, 251, 4, 2.24),
(2363, 252, 4, 4.01),
(2364, 253, 4, 2.19),
(2365, 254, 4, 2.62),
(2366, 255, 4, 3.47),
(2367, 101, 5, 4.99),
(2368, 102, 5, 4.09),
(2369, 103, 5, 4.60),
(2370, 104, 5, 3.17),
(2371, 105, 5, 4.29),
(2372, 106, 5, 2.76),
(2373, 107, 5, 3.93),
(2374, 108, 5, 2.81),
(2375, 109, 5, 3.28),
(2376, 110, 5, 2.78),
(2377, 111, 5, 4.27),
(2378, 112, 5, 2.67),
(2379, 113, 5, 3.95),
(2380, 114, 5, 2.77),
(2381, 115, 5, 3.75),
(2382, 116, 5, 2.37),
(2383, 117, 5, 2.31),
(2384, 118, 5, 2.23),
(2385, 119, 5, 2.01),
(2386, 120, 5, 4.29),
(2387, 121, 5, 4.22),
(2388, 122, 5, 2.24),
(2389, 123, 5, 2.57),
(2390, 124, 5, 3.17),
(2391, 125, 5, 2.73),
(2392, 126, 5, 2.22),
(2393, 127, 5, 3.80),
(2394, 128, 5, 3.67),
(2395, 129, 5, 2.01),
(2396, 130, 5, 3.55),
(2397, 131, 5, 4.42),
(2398, 132, 5, 2.08),
(2399, 133, 5, 4.38),
(2400, 134, 5, 4.22),
(2401, 135, 5, 5.00),
(2402, 136, 5, 4.01),
(2403, 137, 5, 2.54),
(2404, 138, 5, 2.77),
(2405, 139, 5, 4.01),
(2406, 140, 5, 4.56),
(2407, 141, 5, 2.33),
(2408, 142, 5, 4.61),
(2409, 143, 5, 3.19),
(2410, 144, 5, 2.28),
(2411, 145, 5, 3.08),
(2412, 146, 5, 2.78),
(2413, 147, 5, 3.36),
(2414, 148, 5, 4.58),
(2415, 149, 5, 2.53),
(2416, 150, 5, 2.29),
(2417, 151, 5, 2.61),
(2418, 152, 5, 2.10),
(2419, 153, 5, 4.16),
(2420, 154, 5, 4.69),
(2421, 155, 5, 4.23),
(2422, 156, 5, 2.39),
(2423, 157, 5, 4.33),
(2424, 158, 5, 4.51),
(2425, 159, 5, 4.76),
(2426, 160, 5, 3.40),
(2427, 161, 5, 2.56),
(2428, 162, 5, 2.70),
(2429, 163, 5, 4.51),
(2430, 164, 5, 3.27),
(2431, 165, 5, 2.53),
(2432, 166, 5, 3.74),
(2433, 167, 5, 4.75),
(2434, 168, 5, 4.25),
(2435, 169, 5, 2.54),
(2436, 170, 5, 3.58),
(2437, 171, 5, 3.75),
(2438, 172, 5, 3.27),
(2439, 173, 5, 2.43),
(2440, 174, 5, 4.20),
(2441, 175, 5, 4.55),
(2442, 176, 5, 3.34),
(2443, 177, 5, 3.93),
(2444, 178, 5, 4.65),
(2445, 179, 5, 3.37),
(2446, 180, 5, 4.39),
(2447, 181, 5, 3.26),
(2448, 182, 5, 2.98),
(2449, 183, 5, 3.02),
(2450, 184, 5, 4.61),
(2451, 185, 5, 4.57),
(2452, 186, 5, 2.33),
(2453, 187, 5, 3.30),
(2454, 188, 5, 2.06),
(2455, 189, 5, 2.43),
(2456, 190, 5, 4.03),
(2457, 191, 5, 2.67),
(2458, 192, 5, 3.15),
(2459, 193, 5, 2.85),
(2460, 194, 5, 2.73),
(2461, 195, 5, 3.44),
(2462, 196, 5, 4.98),
(2463, 197, 5, 2.36),
(2464, 198, 5, 4.90),
(2465, 199, 5, 3.96),
(2466, 200, 5, 3.64),
(2467, 201, 5, 4.46),
(2468, 202, 5, 4.91),
(2469, 203, 5, 2.63),
(2470, 204, 5, 3.59),
(2471, 205, 5, 2.60),
(2472, 206, 5, 2.33),
(2473, 207, 5, 2.11),
(2474, 208, 5, 2.45),
(2475, 209, 5, 2.46),
(2476, 210, 5, 3.65),
(2477, 211, 5, 4.69),
(2478, 212, 5, 4.72),
(2479, 213, 5, 3.49),
(2480, 214, 5, 3.16),
(2481, 215, 5, 3.78),
(2482, 216, 5, 2.24),
(2483, 217, 5, 3.44),
(2484, 218, 5, 2.99),
(2485, 219, 5, 4.77),
(2486, 220, 5, 4.17),
(2487, 221, 5, 2.11),
(2488, 222, 5, 3.31),
(2489, 223, 5, 3.77),
(2490, 224, 5, 4.68),
(2491, 225, 5, 4.94),
(2492, 226, 5, 4.55),
(2493, 227, 5, 3.80),
(2494, 228, 5, 3.78),
(2495, 229, 5, 4.74),
(2496, 230, 5, 3.99),
(2497, 231, 5, 3.77),
(2498, 232, 5, 3.97),
(2499, 233, 5, 2.05),
(2500, 234, 5, 2.54),
(2501, 235, 5, 3.14),
(2502, 236, 5, 3.89),
(2503, 237, 5, 3.98),
(2504, 238, 5, 2.44),
(2505, 239, 5, 2.20),
(2506, 240, 5, 4.74),
(2507, 241, 5, 3.51),
(2508, 242, 5, 2.99),
(2509, 243, 5, 4.54),
(2510, 244, 5, 4.90),
(2511, 245, 5, 3.07),
(2512, 246, 5, 4.61),
(2513, 247, 5, 3.96),
(2514, 248, 5, 3.41),
(2515, 249, 5, 2.03),
(2516, 250, 5, 3.08),
(2517, 251, 5, 3.43),
(2518, 252, 5, 2.57),
(2519, 253, 5, 2.99),
(2520, 254, 5, 2.77),
(2521, 255, 5, 4.97),
(2522, 101, 6, 3.49),
(2523, 102, 6, 3.44),
(2524, 103, 6, 2.86),
(2525, 104, 6, 4.64),
(2526, 105, 6, 2.62),
(2527, 106, 6, 4.45),
(2528, 107, 6, 4.15),
(2529, 108, 6, 3.66),
(2530, 109, 6, 4.47),
(2531, 110, 6, 4.93),
(2532, 111, 6, 4.60),
(2533, 112, 6, 3.13),
(2534, 113, 6, 2.91),
(2535, 114, 6, 4.61),
(2536, 115, 6, 4.01),
(2537, 116, 6, 3.49),
(2538, 117, 6, 4.31),
(2539, 118, 6, 3.93),
(2540, 119, 6, 4.27),
(2541, 120, 6, 4.09),
(2542, 121, 6, 4.30),
(2543, 122, 6, 3.80),
(2544, 123, 6, 4.69),
(2545, 124, 6, 4.97),
(2546, 125, 6, 2.65),
(2547, 126, 6, 3.58),
(2548, 127, 6, 4.54),
(2549, 128, 6, 3.75),
(2550, 129, 6, 3.28),
(2551, 130, 6, 3.34),
(2552, 131, 6, 3.75),
(2553, 132, 6, 2.15),
(2554, 133, 6, 4.89),
(2555, 134, 6, 3.07),
(2556, 135, 6, 3.90),
(2557, 136, 6, 4.64),
(2558, 137, 6, 4.11),
(2559, 138, 6, 4.01),
(2560, 139, 6, 3.98),
(2561, 140, 6, 2.15),
(2562, 141, 6, 3.56),
(2563, 142, 6, 2.00),
(2564, 143, 6, 4.35),
(2565, 144, 6, 4.33),
(2566, 145, 6, 4.22),
(2567, 146, 6, 4.36),
(2568, 147, 6, 4.32),
(2569, 148, 6, 3.46),
(2570, 149, 6, 2.99),
(2571, 150, 6, 3.80),
(2572, 151, 6, 4.98),
(2573, 152, 6, 4.84),
(2574, 153, 6, 3.94),
(2575, 154, 6, 2.25),
(2576, 155, 6, 2.31),
(2577, 156, 6, 3.95),
(2578, 157, 6, 3.60),
(2579, 158, 6, 3.06),
(2580, 159, 6, 2.76),
(2581, 160, 6, 3.85),
(2582, 161, 6, 2.36),
(2583, 162, 6, 4.62),
(2584, 163, 6, 3.56),
(2585, 164, 6, 2.73),
(2586, 165, 6, 2.90),
(2587, 166, 6, 3.56),
(2588, 167, 6, 3.30),
(2589, 168, 6, 4.99),
(2590, 169, 6, 3.86),
(2591, 170, 6, 4.37),
(2592, 171, 6, 2.06),
(2593, 172, 6, 3.41),
(2594, 173, 6, 4.32),
(2595, 174, 6, 3.07),
(2596, 175, 6, 2.53),
(2597, 176, 6, 4.60),
(2598, 177, 6, 4.69),
(2599, 178, 6, 3.67),
(2600, 179, 6, 3.70),
(2601, 180, 6, 3.45),
(2602, 181, 6, 4.07),
(2603, 182, 6, 4.49),
(2604, 183, 6, 4.14),
(2605, 184, 6, 4.31);
INSERT INTO `cartas_en_venta` (`id`, `id_carta`, `id_vendedor`, `precio`) VALUES
(2606, 185, 6, 2.74),
(2607, 186, 6, 4.40),
(2608, 187, 6, 4.19),
(2609, 188, 6, 4.13),
(2610, 189, 6, 4.83),
(2611, 190, 6, 2.11),
(2612, 191, 6, 4.36),
(2613, 192, 6, 3.19),
(2614, 193, 6, 4.09),
(2615, 194, 6, 3.74),
(2616, 195, 6, 3.85),
(2617, 196, 6, 3.35),
(2618, 197, 6, 4.62),
(2619, 198, 6, 4.59),
(2620, 199, 6, 4.17),
(2621, 200, 6, 3.68),
(2622, 201, 6, 4.49),
(2623, 202, 6, 3.92),
(2624, 203, 6, 2.51),
(2625, 204, 6, 3.09),
(2626, 205, 6, 3.42),
(2627, 206, 6, 4.67),
(2628, 207, 6, 2.31),
(2629, 208, 6, 3.57),
(2630, 209, 6, 2.67),
(2631, 210, 6, 4.28),
(2632, 211, 6, 4.91),
(2633, 212, 6, 3.53),
(2634, 213, 6, 3.99),
(2635, 214, 6, 3.41),
(2636, 215, 6, 4.13),
(2637, 216, 6, 4.40),
(2638, 217, 6, 3.76),
(2639, 218, 6, 4.58),
(2640, 219, 6, 4.66),
(2641, 220, 6, 4.59),
(2642, 221, 6, 2.13),
(2643, 222, 6, 3.14),
(2644, 223, 6, 3.94),
(2645, 224, 6, 4.91),
(2646, 225, 6, 3.32),
(2647, 226, 6, 4.57),
(2648, 227, 6, 2.74),
(2649, 228, 6, 3.24),
(2650, 229, 6, 4.14),
(2651, 230, 6, 2.81),
(2652, 231, 6, 4.83),
(2653, 232, 6, 3.39),
(2654, 233, 6, 3.30),
(2655, 234, 6, 3.28),
(2656, 235, 6, 3.49),
(2657, 236, 6, 4.68),
(2658, 237, 6, 3.81),
(2659, 238, 6, 3.32),
(2660, 239, 6, 2.66),
(2661, 240, 6, 4.10),
(2662, 241, 6, 2.60),
(2663, 242, 6, 4.83),
(2664, 243, 6, 4.06),
(2665, 244, 6, 2.03),
(2666, 245, 6, 2.76),
(2667, 246, 6, 2.37),
(2668, 247, 6, 2.19),
(2669, 248, 6, 3.68),
(2670, 249, 6, 3.75),
(2671, 250, 6, 4.49),
(2672, 251, 6, 3.57),
(2673, 252, 6, 4.79),
(2674, 253, 6, 2.76),
(2675, 254, 6, 2.79),
(2676, 255, 6, 4.51),
(2677, 101, 7, 4.00),
(2678, 102, 7, 3.98),
(2679, 103, 7, 2.14),
(2680, 104, 7, 2.00),
(2681, 105, 7, 4.45),
(2682, 106, 7, 2.93),
(2683, 107, 7, 2.66),
(2684, 108, 7, 2.91),
(2685, 109, 7, 4.00),
(2686, 110, 7, 2.86),
(2687, 111, 7, 3.60),
(2688, 112, 7, 4.09),
(2689, 113, 7, 2.64),
(2690, 114, 7, 2.46),
(2691, 115, 7, 2.25),
(2692, 116, 7, 3.53),
(2693, 117, 7, 2.00),
(2694, 118, 7, 2.83),
(2695, 119, 7, 4.17),
(2696, 120, 7, 2.69),
(2697, 121, 7, 3.02),
(2698, 122, 7, 2.27),
(2699, 123, 7, 2.85),
(2700, 124, 7, 2.44),
(2701, 125, 7, 4.18),
(2702, 126, 7, 2.21),
(2703, 127, 7, 2.57),
(2704, 128, 7, 4.86),
(2705, 129, 7, 4.82),
(2706, 130, 7, 4.34),
(2707, 131, 7, 3.21),
(2708, 132, 7, 3.84),
(2709, 133, 7, 4.52),
(2710, 134, 7, 3.53),
(2711, 135, 7, 3.27),
(2712, 136, 7, 4.18),
(2713, 137, 7, 2.27),
(2714, 138, 7, 2.66),
(2715, 139, 7, 4.16),
(2716, 140, 7, 2.88),
(2717, 141, 7, 3.84),
(2718, 142, 7, 3.05),
(2719, 143, 7, 2.01),
(2720, 144, 7, 4.87),
(2721, 145, 7, 2.63),
(2722, 146, 7, 2.24),
(2723, 147, 7, 4.18),
(2724, 148, 7, 4.60),
(2725, 149, 7, 4.97),
(2726, 150, 7, 4.39),
(2727, 151, 7, 4.85),
(2728, 152, 7, 2.70),
(2729, 153, 7, 3.62),
(2730, 154, 7, 4.46),
(2731, 155, 7, 4.99),
(2732, 156, 7, 4.83),
(2733, 157, 7, 2.95),
(2734, 158, 7, 3.94),
(2735, 159, 7, 2.77),
(2736, 160, 7, 4.60),
(2737, 161, 7, 4.76),
(2738, 162, 7, 3.59),
(2739, 163, 7, 3.89),
(2740, 164, 7, 4.59),
(2741, 165, 7, 4.45),
(2742, 166, 7, 4.71),
(2743, 167, 7, 4.13),
(2744, 168, 7, 2.79),
(2745, 169, 7, 3.91),
(2746, 170, 7, 4.57),
(2747, 171, 7, 3.51),
(2748, 172, 7, 2.60),
(2749, 173, 7, 4.25),
(2750, 174, 7, 3.97),
(2751, 175, 7, 3.92),
(2752, 176, 7, 3.71),
(2753, 177, 7, 2.21),
(2754, 178, 7, 2.88),
(2755, 179, 7, 3.62),
(2756, 180, 7, 2.65),
(2757, 181, 7, 3.31),
(2758, 182, 7, 4.41),
(2759, 183, 7, 2.57),
(2760, 184, 7, 2.02),
(2761, 185, 7, 2.59),
(2762, 186, 7, 4.92),
(2763, 187, 7, 3.03),
(2764, 188, 7, 4.29),
(2765, 189, 7, 4.33),
(2766, 190, 7, 2.97),
(2767, 191, 7, 2.54),
(2768, 192, 7, 3.14),
(2769, 193, 7, 3.75),
(2770, 194, 7, 3.73),
(2771, 195, 7, 2.25),
(2772, 196, 7, 4.79),
(2773, 197, 7, 4.27),
(2774, 198, 7, 3.05),
(2775, 199, 7, 2.34),
(2776, 200, 7, 3.96),
(2777, 201, 7, 4.67),
(2778, 202, 7, 3.30),
(2779, 203, 7, 3.71),
(2780, 204, 7, 3.52),
(2781, 205, 7, 2.54),
(2782, 206, 7, 3.62),
(2783, 207, 7, 3.29),
(2784, 208, 7, 4.74),
(2785, 209, 7, 4.43),
(2786, 210, 7, 4.97),
(2787, 211, 7, 3.82),
(2788, 212, 7, 2.85),
(2789, 213, 7, 2.17),
(2790, 214, 7, 3.24),
(2791, 215, 7, 4.46),
(2792, 216, 7, 4.42),
(2793, 217, 7, 4.51),
(2794, 218, 7, 3.38),
(2795, 219, 7, 3.37),
(2796, 220, 7, 4.01),
(2797, 221, 7, 3.36),
(2798, 222, 7, 3.91),
(2799, 223, 7, 2.24),
(2800, 224, 7, 2.82),
(2801, 225, 7, 2.16),
(2802, 226, 7, 3.63),
(2803, 227, 7, 3.94),
(2804, 228, 7, 4.46),
(2805, 229, 7, 3.02),
(2806, 230, 7, 3.76),
(2807, 231, 7, 3.81),
(2808, 232, 7, 2.11),
(2809, 233, 7, 2.28),
(2810, 234, 7, 2.02),
(2811, 235, 7, 3.34),
(2812, 236, 7, 4.53),
(2813, 237, 7, 3.61),
(2814, 238, 7, 3.17),
(2815, 239, 7, 2.91),
(2816, 240, 7, 2.52),
(2817, 241, 7, 3.45),
(2818, 242, 7, 4.25),
(2819, 243, 7, 4.08),
(2820, 244, 7, 2.94),
(2821, 245, 7, 4.57),
(2822, 246, 7, 3.44),
(2823, 247, 7, 3.99),
(2824, 248, 7, 2.06),
(2825, 249, 7, 3.96),
(2826, 250, 7, 3.80),
(2827, 251, 7, 4.82),
(2828, 252, 7, 4.87),
(2829, 253, 7, 2.77),
(2830, 254, 7, 3.05),
(2831, 255, 7, 2.44),
(2832, 101, 8, 2.96),
(2833, 102, 8, 4.33),
(2834, 103, 8, 3.82),
(2835, 104, 8, 2.20),
(2836, 105, 8, 4.55),
(2837, 106, 8, 3.24),
(2838, 107, 8, 4.94),
(2839, 108, 8, 2.11),
(2840, 109, 8, 2.88),
(2841, 110, 8, 4.07),
(2842, 111, 8, 4.06),
(2843, 112, 8, 2.55),
(2844, 113, 8, 3.45),
(2845, 114, 8, 4.61),
(2846, 115, 8, 4.08),
(2847, 116, 8, 2.96),
(2848, 117, 8, 4.29),
(2849, 118, 8, 2.88),
(2850, 119, 8, 2.93),
(2851, 120, 8, 2.27),
(2852, 121, 8, 2.09),
(2853, 122, 8, 2.29),
(2854, 123, 8, 4.77),
(2855, 124, 8, 2.82),
(2856, 125, 8, 2.33),
(2857, 126, 8, 2.83),
(2858, 127, 8, 3.30),
(2859, 128, 8, 2.02),
(2860, 129, 8, 4.36),
(2861, 130, 8, 3.45),
(2862, 131, 8, 2.65),
(2863, 132, 8, 4.42),
(2864, 133, 8, 4.14),
(2865, 134, 8, 2.93),
(2866, 135, 8, 2.26),
(2867, 136, 8, 3.86),
(2868, 137, 8, 3.79),
(2869, 138, 8, 2.42),
(2870, 139, 8, 2.23),
(2871, 140, 8, 3.82),
(2872, 141, 8, 2.55),
(2873, 142, 8, 3.47),
(2874, 143, 8, 2.56),
(2875, 144, 8, 2.13),
(2876, 145, 8, 2.31),
(2877, 146, 8, 4.87),
(2878, 147, 8, 4.20),
(2879, 148, 8, 4.07),
(2880, 149, 8, 3.38),
(2881, 150, 8, 3.41),
(2882, 151, 8, 2.48),
(2883, 152, 8, 4.33),
(2884, 153, 8, 3.02),
(2885, 154, 8, 2.20),
(2886, 155, 8, 2.92),
(2887, 156, 8, 4.70),
(2888, 157, 8, 4.33),
(2889, 158, 8, 2.67),
(2890, 159, 8, 2.04),
(2891, 160, 8, 2.49),
(2892, 161, 8, 2.90),
(2893, 162, 8, 4.53),
(2894, 163, 8, 4.25),
(2895, 164, 8, 3.99),
(2896, 165, 8, 3.58),
(2897, 166, 8, 4.40),
(2898, 167, 8, 4.59),
(2899, 168, 8, 3.81),
(2900, 169, 8, 3.33),
(2901, 170, 8, 2.63),
(2902, 171, 8, 3.78),
(2903, 172, 8, 3.94),
(2904, 173, 8, 4.52),
(2905, 174, 8, 4.88),
(2906, 175, 8, 2.16),
(2907, 176, 8, 4.93),
(2908, 177, 8, 2.09),
(2909, 178, 8, 4.38),
(2910, 179, 8, 4.27),
(2911, 180, 8, 4.16),
(2912, 181, 8, 4.40),
(2913, 182, 8, 4.65),
(2914, 183, 8, 4.16),
(2915, 184, 8, 3.26),
(2916, 185, 8, 2.82),
(2917, 186, 8, 3.16),
(2918, 187, 8, 3.97),
(2919, 188, 8, 2.87),
(2920, 189, 8, 4.14),
(2921, 190, 8, 4.38),
(2922, 191, 8, 2.24),
(2923, 192, 8, 3.02),
(2924, 193, 8, 3.76),
(2925, 194, 8, 4.15),
(2926, 195, 8, 4.13),
(2927, 196, 8, 3.27),
(2928, 197, 8, 4.97),
(2929, 198, 8, 2.51),
(2930, 199, 8, 4.02),
(2931, 200, 8, 2.47),
(2932, 201, 8, 2.28),
(2933, 202, 8, 2.40),
(2934, 203, 8, 4.90),
(2935, 204, 8, 2.38),
(2936, 205, 8, 4.46),
(2937, 206, 8, 3.74),
(2938, 207, 8, 4.31),
(2939, 208, 8, 3.64),
(2940, 209, 8, 3.58),
(2941, 210, 8, 4.54),
(2942, 211, 8, 4.23),
(2943, 212, 8, 3.35),
(2944, 213, 8, 3.38),
(2945, 214, 8, 3.97),
(2946, 215, 8, 4.26),
(2947, 216, 8, 2.21),
(2948, 217, 8, 2.48),
(2949, 218, 8, 4.43),
(2950, 219, 8, 3.98),
(2951, 220, 8, 2.28),
(2952, 221, 8, 3.80),
(2953, 222, 8, 2.07),
(2954, 223, 8, 4.14),
(2955, 224, 8, 3.44),
(2956, 225, 8, 2.79),
(2957, 226, 8, 4.72),
(2958, 227, 8, 2.11),
(2959, 228, 8, 3.57),
(2960, 229, 8, 4.51),
(2961, 230, 8, 2.47),
(2962, 231, 8, 4.53),
(2963, 232, 8, 4.25),
(2964, 233, 8, 3.19),
(2965, 234, 8, 4.06),
(2966, 235, 8, 4.13),
(2967, 236, 8, 4.34),
(2968, 237, 8, 3.02),
(2969, 238, 8, 3.01),
(2970, 239, 8, 2.36),
(2971, 240, 8, 4.70),
(2972, 241, 8, 2.58),
(2973, 242, 8, 2.56),
(2974, 243, 8, 3.91),
(2975, 244, 8, 2.84),
(2976, 245, 8, 2.28),
(2977, 246, 8, 2.33),
(2978, 247, 8, 2.08),
(2979, 248, 8, 3.13),
(2980, 249, 8, 3.52),
(2981, 250, 8, 4.02),
(2982, 251, 8, 3.90),
(2983, 252, 8, 2.46),
(2984, 253, 8, 2.31),
(2985, 254, 8, 2.13),
(2986, 255, 8, 4.78),
(2987, 101, 9, 4.52),
(2988, 102, 9, 4.14),
(2989, 103, 9, 2.91),
(2990, 104, 9, 3.32),
(2991, 105, 9, 2.15),
(2992, 106, 9, 2.12),
(2993, 107, 9, 3.06),
(2994, 108, 9, 2.18),
(2995, 109, 9, 3.80),
(2996, 110, 9, 2.79),
(2997, 111, 9, 2.28),
(2998, 112, 9, 3.95),
(2999, 113, 9, 4.40),
(3000, 114, 9, 4.09),
(3001, 115, 9, 3.70),
(3002, 116, 9, 3.40),
(3003, 117, 9, 3.52),
(3004, 118, 9, 2.63),
(3005, 119, 9, 3.71),
(3006, 120, 9, 2.96),
(3007, 121, 9, 2.42),
(3008, 122, 9, 4.96),
(3009, 123, 9, 2.31),
(3010, 124, 9, 2.62),
(3011, 125, 9, 2.02),
(3012, 126, 9, 4.75),
(3013, 127, 9, 3.63),
(3014, 128, 9, 3.96),
(3015, 129, 9, 3.45),
(3016, 130, 9, 2.39),
(3017, 131, 9, 2.34),
(3018, 132, 9, 3.00),
(3019, 133, 9, 2.07),
(3020, 134, 9, 2.97),
(3021, 135, 9, 4.25),
(3022, 136, 9, 2.86),
(3023, 137, 9, 3.11),
(3024, 138, 9, 3.12),
(3025, 139, 9, 4.98),
(3026, 140, 9, 3.92),
(3027, 141, 9, 4.60),
(3028, 142, 9, 3.28),
(3029, 143, 9, 3.87),
(3030, 144, 9, 3.58),
(3031, 145, 9, 3.90),
(3032, 146, 9, 4.69),
(3033, 147, 9, 4.61),
(3034, 148, 9, 2.43),
(3035, 149, 9, 4.98),
(3036, 150, 9, 4.03),
(3037, 151, 9, 2.71),
(3038, 152, 9, 2.92),
(3039, 153, 9, 2.90),
(3040, 154, 9, 3.55),
(3041, 155, 9, 4.43),
(3042, 156, 9, 2.25),
(3043, 157, 9, 2.04),
(3044, 158, 9, 3.67),
(3045, 159, 9, 2.07),
(3046, 160, 9, 2.08),
(3047, 161, 9, 4.71),
(3048, 162, 9, 3.80),
(3049, 163, 9, 4.43),
(3050, 164, 9, 2.83),
(3051, 165, 9, 4.55),
(3052, 166, 9, 3.52),
(3053, 167, 9, 4.29),
(3054, 168, 9, 4.89),
(3055, 169, 9, 3.49),
(3056, 170, 9, 2.50),
(3057, 171, 9, 2.03),
(3058, 172, 9, 2.02),
(3059, 173, 9, 3.65),
(3060, 174, 9, 3.45),
(3061, 175, 9, 4.88),
(3062, 176, 9, 4.05),
(3063, 177, 9, 3.32),
(3064, 178, 9, 3.26),
(3065, 179, 9, 2.40),
(3066, 180, 9, 3.90),
(3067, 181, 9, 2.91),
(3068, 182, 9, 2.14),
(3069, 183, 9, 2.85),
(3070, 184, 9, 3.37),
(3071, 185, 9, 2.59),
(3072, 186, 9, 2.98),
(3073, 187, 9, 2.98),
(3074, 188, 9, 3.82),
(3075, 189, 9, 4.49),
(3076, 190, 9, 2.51),
(3077, 191, 9, 2.04),
(3078, 192, 9, 2.28),
(3079, 193, 9, 4.01),
(3080, 194, 9, 4.41),
(3081, 195, 9, 3.84),
(3082, 196, 9, 2.03),
(3083, 197, 9, 2.41),
(3084, 198, 9, 4.97),
(3085, 199, 9, 3.49),
(3086, 200, 9, 3.62),
(3087, 201, 9, 2.03),
(3088, 202, 9, 4.38),
(3089, 203, 9, 2.40),
(3090, 204, 9, 3.24),
(3091, 205, 9, 2.10),
(3092, 206, 9, 2.15),
(3093, 207, 9, 4.99),
(3094, 208, 9, 3.73),
(3095, 209, 9, 2.70),
(3096, 210, 9, 3.69),
(3097, 211, 9, 2.75),
(3098, 212, 9, 4.00),
(3099, 213, 9, 4.67),
(3100, 214, 9, 3.10),
(3101, 215, 9, 3.69),
(3102, 216, 9, 4.71),
(3103, 217, 9, 3.57),
(3104, 218, 9, 3.35),
(3105, 219, 9, 3.43),
(3106, 220, 9, 2.08),
(3107, 221, 9, 4.60),
(3108, 222, 9, 3.39),
(3109, 223, 9, 2.69),
(3110, 224, 9, 2.23),
(3111, 225, 9, 2.87),
(3112, 226, 9, 2.19),
(3113, 227, 9, 4.43),
(3114, 228, 9, 2.90),
(3115, 229, 9, 3.08),
(3116, 230, 9, 3.17),
(3117, 231, 9, 4.51),
(3118, 232, 9, 4.42),
(3119, 233, 9, 2.62),
(3120, 234, 9, 4.93),
(3121, 235, 9, 3.79),
(3122, 236, 9, 4.62),
(3123, 237, 9, 2.26),
(3124, 238, 9, 2.98),
(3125, 239, 9, 4.57),
(3126, 240, 9, 2.42),
(3127, 241, 9, 2.90),
(3128, 242, 9, 3.03),
(3129, 243, 9, 3.42),
(3130, 244, 9, 2.93),
(3131, 245, 9, 2.85),
(3132, 246, 9, 3.63),
(3133, 247, 9, 3.56),
(3134, 248, 9, 3.28),
(3135, 249, 9, 2.60),
(3136, 250, 9, 4.36),
(3137, 251, 9, 2.09),
(3138, 252, 9, 4.69),
(3139, 253, 9, 3.60),
(3140, 254, 9, 4.52),
(3141, 255, 9, 4.31),
(3142, 101, 10, 3.68),
(3143, 102, 10, 2.39),
(3144, 103, 10, 4.53),
(3145, 104, 10, 4.85),
(3146, 105, 10, 4.87),
(3147, 106, 10, 3.22),
(3148, 107, 10, 4.07),
(3149, 108, 10, 3.82),
(3150, 109, 10, 3.48),
(3151, 110, 10, 2.71),
(3152, 111, 10, 3.07),
(3153, 112, 10, 3.29),
(3154, 113, 10, 2.81),
(3155, 114, 10, 4.11),
(3156, 115, 10, 3.07),
(3157, 116, 10, 4.71),
(3158, 117, 10, 3.33),
(3159, 118, 10, 2.21),
(3160, 119, 10, 4.96),
(3161, 120, 10, 4.54),
(3162, 121, 10, 3.79),
(3163, 122, 10, 4.87),
(3164, 123, 10, 2.84),
(3165, 124, 10, 3.14),
(3166, 125, 10, 2.24),
(3167, 126, 10, 2.40),
(3168, 127, 10, 4.33),
(3169, 128, 10, 2.18),
(3170, 129, 10, 3.00),
(3171, 130, 10, 3.86),
(3172, 131, 10, 3.87),
(3173, 132, 10, 2.56),
(3174, 133, 10, 4.12),
(3175, 134, 10, 2.03),
(3176, 135, 10, 4.28),
(3177, 136, 10, 2.31),
(3178, 137, 10, 4.16),
(3179, 138, 10, 3.37),
(3180, 139, 10, 2.27),
(3181, 140, 10, 3.95),
(3182, 141, 10, 3.51),
(3183, 142, 10, 2.11),
(3184, 143, 10, 2.62),
(3185, 144, 10, 2.90),
(3186, 145, 10, 4.68),
(3187, 146, 10, 4.18),
(3188, 147, 10, 2.56),
(3189, 148, 10, 3.35),
(3190, 149, 10, 4.52),
(3191, 150, 10, 4.32),
(3192, 151, 10, 2.44),
(3193, 152, 10, 2.06),
(3194, 153, 10, 3.58),
(3195, 154, 10, 4.73),
(3196, 155, 10, 4.47),
(3197, 156, 10, 3.03),
(3198, 157, 10, 2.19),
(3199, 158, 10, 4.69),
(3200, 159, 10, 3.28),
(3201, 160, 10, 4.58),
(3202, 161, 10, 3.43),
(3203, 162, 10, 4.80),
(3204, 163, 10, 2.59),
(3205, 164, 10, 4.29),
(3206, 165, 10, 3.39),
(3207, 166, 10, 2.88),
(3208, 167, 10, 4.10),
(3209, 168, 10, 2.90),
(3210, 169, 10, 2.43),
(3211, 170, 10, 3.95),
(3212, 171, 10, 4.16),
(3213, 172, 10, 4.01),
(3214, 173, 10, 4.60),
(3215, 174, 10, 4.01),
(3216, 175, 10, 3.06),
(3217, 176, 10, 3.01),
(3218, 177, 10, 2.17),
(3219, 178, 10, 4.90),
(3220, 179, 10, 3.71),
(3221, 180, 10, 4.13),
(3222, 181, 10, 3.25),
(3223, 182, 10, 4.64),
(3224, 183, 10, 4.35),
(3225, 184, 10, 3.05),
(3226, 185, 10, 4.25),
(3227, 186, 10, 4.68),
(3228, 187, 10, 4.77),
(3229, 188, 10, 5.00),
(3230, 189, 10, 4.40),
(3231, 190, 10, 2.83),
(3232, 191, 10, 3.77),
(3233, 192, 10, 2.33),
(3234, 193, 10, 2.80),
(3235, 194, 10, 2.83),
(3236, 195, 10, 4.62),
(3237, 196, 10, 2.36),
(3238, 197, 10, 3.46),
(3239, 198, 10, 4.38),
(3240, 199, 10, 4.42),
(3241, 200, 10, 2.58),
(3242, 201, 10, 2.66),
(3243, 202, 10, 3.57),
(3244, 203, 10, 3.66),
(3245, 204, 10, 2.77),
(3246, 205, 10, 3.96),
(3247, 206, 10, 2.64),
(3248, 207, 10, 4.74),
(3249, 208, 10, 2.09),
(3250, 209, 10, 4.07),
(3251, 210, 10, 3.57),
(3252, 211, 10, 3.77),
(3253, 212, 10, 3.54),
(3254, 213, 10, 3.89),
(3255, 214, 10, 2.71),
(3256, 215, 10, 2.94),
(3257, 216, 10, 2.40),
(3258, 217, 10, 2.25),
(3259, 218, 10, 3.16),
(3260, 219, 10, 4.88),
(3261, 220, 10, 2.58),
(3262, 221, 10, 3.04),
(3263, 222, 10, 3.40),
(3264, 223, 10, 3.05),
(3265, 224, 10, 2.20),
(3266, 225, 10, 2.10),
(3267, 226, 10, 4.95),
(3268, 227, 10, 3.52),
(3269, 228, 10, 3.13),
(3270, 229, 10, 4.98),
(3271, 230, 10, 4.57),
(3272, 231, 10, 3.74),
(3273, 232, 10, 2.25),
(3274, 233, 10, 4.00),
(3275, 234, 10, 3.03),
(3276, 235, 10, 3.72),
(3277, 236, 10, 4.79),
(3278, 237, 10, 2.72),
(3279, 238, 10, 2.81),
(3280, 239, 10, 2.10),
(3281, 240, 10, 4.42),
(3282, 241, 10, 2.72),
(3283, 242, 10, 2.77),
(3284, 243, 10, 4.85),
(3285, 244, 10, 3.58),
(3286, 245, 10, 3.49),
(3287, 246, 10, 2.71),
(3288, 247, 10, 4.18),
(3289, 248, 10, 4.31),
(3290, 249, 10, 2.58),
(3291, 250, 10, 3.38),
(3292, 251, 10, 3.44),
(3293, 252, 10, 3.61),
(3294, 253, 10, 4.81),
(3295, 254, 10, 3.94),
(3296, 255, 10, 3.39),
(3297, 101, 11, 2.99),
(3298, 102, 11, 3.66),
(3299, 103, 11, 2.00),
(3300, 104, 11, 3.88),
(3301, 105, 11, 3.81),
(3302, 106, 11, 4.62),
(3303, 107, 11, 3.46),
(3304, 108, 11, 2.61),
(3305, 109, 11, 2.61),
(3306, 110, 11, 2.65),
(3307, 111, 11, 4.13),
(3308, 112, 11, 2.15),
(3309, 113, 11, 3.48),
(3310, 114, 11, 5.00),
(3311, 115, 11, 3.90),
(3312, 116, 11, 4.65),
(3313, 117, 11, 2.91),
(3314, 118, 11, 4.94),
(3315, 119, 11, 3.48),
(3316, 120, 11, 4.55),
(3317, 121, 11, 2.64),
(3318, 122, 11, 3.72),
(3319, 123, 11, 4.00),
(3320, 124, 11, 2.53),
(3321, 125, 11, 4.55),
(3322, 126, 11, 2.34),
(3323, 127, 11, 3.18),
(3324, 128, 11, 4.17),
(3325, 129, 11, 3.80),
(3326, 130, 11, 4.66),
(3327, 131, 11, 2.33),
(3328, 132, 11, 4.61),
(3329, 133, 11, 4.94),
(3330, 134, 11, 4.43),
(3331, 135, 11, 2.22),
(3332, 136, 11, 3.53),
(3333, 137, 11, 4.59),
(3334, 138, 11, 3.85),
(3335, 139, 11, 5.00),
(3336, 140, 11, 4.94),
(3337, 141, 11, 4.17),
(3338, 142, 11, 2.50),
(3339, 143, 11, 3.79),
(3340, 144, 11, 3.39),
(3341, 145, 11, 3.31),
(3342, 146, 11, 4.85),
(3343, 147, 11, 2.40),
(3344, 148, 11, 3.64),
(3345, 149, 11, 3.94),
(3346, 150, 11, 3.11),
(3347, 151, 11, 3.47),
(3348, 152, 11, 3.14),
(3349, 153, 11, 4.05),
(3350, 154, 11, 4.46),
(3351, 155, 11, 3.74),
(3352, 156, 11, 2.86),
(3353, 157, 11, 3.83),
(3354, 158, 11, 2.73),
(3355, 159, 11, 4.81),
(3356, 160, 11, 4.94),
(3357, 161, 11, 3.49),
(3358, 162, 11, 4.82),
(3359, 163, 11, 4.00),
(3360, 164, 11, 2.88),
(3361, 165, 11, 4.98),
(3362, 166, 11, 2.38),
(3363, 167, 11, 3.01),
(3364, 168, 11, 3.35),
(3365, 169, 11, 3.46),
(3366, 170, 11, 3.70),
(3367, 171, 11, 3.49),
(3368, 172, 11, 3.76),
(3369, 173, 11, 2.29),
(3370, 174, 11, 2.77),
(3371, 175, 11, 2.05),
(3372, 176, 11, 2.44),
(3373, 177, 11, 2.08),
(3374, 178, 11, 3.89),
(3375, 179, 11, 3.77),
(3376, 180, 11, 2.05),
(3377, 181, 11, 2.20),
(3378, 182, 11, 3.20),
(3379, 183, 11, 2.04),
(3380, 184, 11, 2.67),
(3381, 185, 11, 3.72),
(3382, 186, 11, 3.57),
(3383, 187, 11, 4.49),
(3384, 188, 11, 2.98),
(3385, 189, 11, 2.25),
(3386, 190, 11, 2.10),
(3387, 191, 11, 4.83),
(3388, 192, 11, 2.89),
(3389, 193, 11, 3.43),
(3390, 194, 11, 3.71),
(3391, 195, 11, 3.20),
(3392, 196, 11, 2.09),
(3393, 197, 11, 3.71),
(3394, 198, 11, 4.03),
(3395, 199, 11, 3.76),
(3396, 200, 11, 3.30),
(3397, 201, 11, 4.44),
(3398, 202, 11, 4.96),
(3399, 203, 11, 4.92),
(3400, 204, 11, 2.39),
(3401, 205, 11, 4.92),
(3402, 206, 11, 2.05),
(3403, 207, 11, 4.83),
(3404, 208, 11, 3.21),
(3405, 209, 11, 4.34),
(3406, 210, 11, 4.01),
(3407, 211, 11, 2.45),
(3408, 212, 11, 4.75),
(3409, 213, 11, 2.28),
(3410, 214, 11, 3.86),
(3411, 215, 11, 2.09),
(3412, 216, 11, 3.43),
(3413, 217, 11, 3.88),
(3414, 218, 11, 3.28),
(3415, 219, 11, 3.77),
(3416, 220, 11, 3.45),
(3417, 221, 11, 2.25),
(3418, 222, 11, 4.61),
(3419, 223, 11, 3.22),
(3420, 224, 11, 3.26),
(3421, 225, 11, 3.26),
(3422, 226, 11, 4.48),
(3423, 227, 11, 4.00),
(3424, 228, 11, 3.02),
(3425, 229, 11, 4.19),
(3426, 230, 11, 4.82),
(3427, 231, 11, 2.49),
(3428, 232, 11, 2.93),
(3429, 233, 11, 2.39),
(3430, 234, 11, 4.44),
(3431, 235, 11, 3.67),
(3432, 236, 11, 2.88),
(3433, 237, 11, 4.18),
(3434, 238, 11, 3.12),
(3435, 239, 11, 4.32),
(3436, 240, 11, 4.15),
(3437, 241, 11, 4.85),
(3438, 242, 11, 4.23),
(3439, 243, 11, 3.64),
(3440, 244, 11, 3.64),
(3441, 245, 11, 2.95),
(3442, 246, 11, 4.98),
(3443, 247, 11, 3.79),
(3444, 248, 11, 3.26),
(3445, 249, 11, 4.60),
(3446, 250, 11, 2.83),
(3447, 251, 11, 3.49),
(3448, 252, 11, 4.11),
(3449, 253, 11, 4.69),
(3450, 254, 11, 2.68),
(3451, 255, 11, 4.03),
(3452, 101, 12, 4.83),
(3453, 102, 12, 4.70),
(3454, 103, 12, 3.47),
(3455, 104, 12, 2.07),
(3456, 105, 12, 3.46),
(3457, 106, 12, 2.30),
(3458, 107, 12, 3.17),
(3459, 108, 12, 2.67),
(3460, 109, 12, 3.19),
(3461, 110, 12, 3.17),
(3462, 111, 12, 4.05),
(3463, 112, 12, 3.37),
(3464, 113, 12, 3.48),
(3465, 114, 12, 2.62),
(3466, 115, 12, 2.73),
(3467, 116, 12, 3.74),
(3468, 117, 12, 2.62),
(3469, 118, 12, 2.24),
(3470, 119, 12, 2.51),
(3471, 120, 12, 3.18),
(3472, 121, 12, 2.14),
(3473, 122, 12, 3.01),
(3474, 123, 12, 4.33),
(3475, 124, 12, 2.67),
(3476, 125, 12, 3.36),
(3477, 126, 12, 4.43),
(3478, 127, 12, 4.66),
(3479, 128, 12, 4.56),
(3480, 129, 12, 2.32),
(3481, 130, 12, 4.80),
(3482, 131, 12, 2.11),
(3483, 132, 12, 3.76),
(3484, 133, 12, 2.01),
(3485, 134, 12, 2.32),
(3486, 135, 12, 2.97),
(3487, 136, 12, 4.60),
(3488, 137, 12, 4.59),
(3489, 138, 12, 2.00),
(3490, 139, 12, 2.86),
(3491, 140, 12, 2.47),
(3492, 141, 12, 3.69),
(3493, 142, 12, 2.08),
(3494, 143, 12, 2.39),
(3495, 144, 12, 2.60),
(3496, 145, 12, 3.95),
(3497, 146, 12, 3.11),
(3498, 147, 12, 3.99),
(3499, 148, 12, 2.17),
(3500, 149, 12, 4.30),
(3501, 150, 12, 2.06),
(3502, 151, 12, 4.71),
(3503, 152, 12, 2.46),
(3504, 153, 12, 3.77),
(3505, 154, 12, 2.14),
(3506, 155, 12, 3.51),
(3507, 156, 12, 3.00),
(3508, 157, 12, 4.03),
(3509, 158, 12, 4.07),
(3510, 159, 12, 2.62),
(3511, 160, 12, 4.06),
(3512, 161, 12, 2.92),
(3513, 162, 12, 3.87),
(3514, 163, 12, 3.77),
(3515, 164, 12, 4.82),
(3516, 165, 12, 3.14),
(3517, 166, 12, 3.09),
(3518, 167, 12, 2.77),
(3519, 168, 12, 2.76),
(3520, 169, 12, 2.96),
(3521, 170, 12, 2.43),
(3522, 171, 12, 4.44),
(3523, 172, 12, 3.55),
(3524, 173, 12, 2.96),
(3525, 174, 12, 2.65),
(3526, 175, 12, 4.35),
(3527, 176, 12, 3.66),
(3528, 177, 12, 3.73),
(3529, 178, 12, 4.27),
(3530, 179, 12, 2.93),
(3531, 180, 12, 3.73),
(3532, 181, 12, 4.18),
(3533, 182, 12, 3.86),
(3534, 183, 12, 2.02),
(3535, 184, 12, 4.78),
(3536, 185, 12, 3.64),
(3537, 186, 12, 2.68),
(3538, 187, 12, 4.17),
(3539, 188, 12, 4.01),
(3540, 189, 12, 3.99),
(3541, 190, 12, 2.77),
(3542, 191, 12, 3.94),
(3543, 192, 12, 2.93),
(3544, 193, 12, 2.21),
(3545, 194, 12, 4.92),
(3546, 195, 12, 3.16),
(3547, 196, 12, 2.81),
(3548, 197, 12, 3.53),
(3549, 198, 12, 2.95),
(3550, 199, 12, 4.14),
(3551, 200, 12, 2.48),
(3552, 201, 12, 4.73),
(3553, 202, 12, 3.24),
(3554, 203, 12, 3.94),
(3555, 204, 12, 2.92),
(3556, 205, 12, 4.74),
(3557, 206, 12, 3.89),
(3558, 207, 12, 3.51),
(3559, 208, 12, 4.02),
(3560, 209, 12, 2.20),
(3561, 210, 12, 2.08),
(3562, 211, 12, 3.03),
(3563, 212, 12, 4.07),
(3564, 213, 12, 4.78),
(3565, 214, 12, 3.93),
(3566, 215, 12, 3.61),
(3567, 216, 12, 3.18),
(3568, 217, 12, 2.76),
(3569, 218, 12, 2.06),
(3570, 219, 12, 3.86),
(3571, 220, 12, 4.84),
(3572, 221, 12, 3.79),
(3573, 222, 12, 4.53),
(3574, 223, 12, 2.63),
(3575, 224, 12, 4.60),
(3576, 225, 12, 2.64),
(3577, 226, 12, 4.42),
(3578, 227, 12, 4.41),
(3579, 228, 12, 5.00),
(3580, 229, 12, 4.40),
(3581, 230, 12, 2.94),
(3582, 231, 12, 4.12),
(3583, 232, 12, 4.63),
(3584, 233, 12, 2.53),
(3585, 234, 12, 4.44),
(3586, 235, 12, 4.88),
(3587, 236, 12, 2.08),
(3588, 237, 12, 3.73),
(3589, 238, 12, 2.71),
(3590, 239, 12, 4.81),
(3591, 240, 12, 4.63),
(3592, 241, 12, 2.83),
(3593, 242, 12, 4.85),
(3594, 243, 12, 2.82),
(3595, 244, 12, 3.32),
(3596, 245, 12, 4.29),
(3597, 246, 12, 4.80),
(3598, 247, 12, 2.65),
(3599, 248, 12, 4.60),
(3600, 249, 12, 4.74),
(3601, 250, 12, 3.64),
(3602, 251, 12, 3.32),
(3603, 252, 12, 4.48),
(3604, 253, 12, 2.99),
(3605, 254, 12, 3.52),
(3606, 255, 12, 3.26),
(3607, 101, 13, 2.68),
(3608, 102, 13, 2.91),
(3609, 103, 13, 2.87),
(3610, 104, 13, 2.96),
(3611, 105, 13, 3.95),
(3612, 106, 13, 2.25),
(3613, 107, 13, 3.72),
(3614, 108, 13, 4.01),
(3615, 109, 13, 4.76),
(3616, 110, 13, 4.33),
(3617, 111, 13, 2.61),
(3618, 112, 13, 4.61),
(3619, 113, 13, 2.25),
(3620, 114, 13, 4.27),
(3621, 115, 13, 4.26),
(3622, 116, 13, 4.54),
(3623, 117, 13, 2.46),
(3624, 118, 13, 2.43),
(3625, 119, 13, 4.94),
(3626, 120, 13, 2.98),
(3627, 121, 13, 4.21),
(3628, 122, 13, 4.74),
(3629, 123, 13, 4.27),
(3630, 124, 13, 3.32),
(3631, 125, 13, 4.67),
(3632, 126, 13, 3.54),
(3633, 127, 13, 4.16),
(3634, 128, 13, 4.14),
(3635, 129, 13, 4.02),
(3636, 130, 13, 2.48),
(3637, 131, 13, 2.77),
(3638, 132, 13, 2.16),
(3639, 133, 13, 4.32),
(3640, 134, 13, 4.98),
(3641, 135, 13, 4.62),
(3642, 136, 13, 2.51),
(3643, 137, 13, 3.27),
(3644, 138, 13, 2.27),
(3645, 139, 13, 3.01),
(3646, 140, 13, 2.04),
(3647, 141, 13, 4.51),
(3648, 142, 13, 3.01),
(3649, 143, 13, 4.34),
(3650, 144, 13, 2.84),
(3651, 145, 13, 3.53),
(3652, 146, 13, 3.47),
(3653, 147, 13, 2.97),
(3654, 148, 13, 2.54),
(3655, 149, 13, 4.00),
(3656, 150, 13, 4.43),
(3657, 151, 13, 4.68),
(3658, 152, 13, 4.38),
(3659, 153, 13, 3.19),
(3660, 154, 13, 2.96),
(3661, 155, 13, 4.13),
(3662, 156, 13, 2.54),
(3663, 157, 13, 4.90),
(3664, 158, 13, 3.17),
(3665, 159, 13, 4.33),
(3666, 160, 13, 4.88),
(3667, 161, 13, 4.52),
(3668, 162, 13, 3.95),
(3669, 163, 13, 3.39),
(3670, 164, 13, 2.39),
(3671, 165, 13, 2.03),
(3672, 166, 13, 2.38),
(3673, 167, 13, 3.58),
(3674, 168, 13, 4.19),
(3675, 169, 13, 2.63),
(3676, 170, 13, 4.14),
(3677, 171, 13, 4.75),
(3678, 172, 13, 4.40),
(3679, 173, 13, 2.49),
(3680, 174, 13, 4.45),
(3681, 175, 13, 3.95),
(3682, 176, 13, 3.89),
(3683, 177, 13, 3.40),
(3684, 178, 13, 4.18),
(3685, 179, 13, 4.67),
(3686, 180, 13, 2.46),
(3687, 181, 13, 3.77),
(3688, 182, 13, 2.73),
(3689, 183, 13, 4.89),
(3690, 184, 13, 3.34),
(3691, 185, 13, 2.77),
(3692, 186, 13, 3.65),
(3693, 187, 13, 2.39),
(3694, 188, 13, 3.39),
(3695, 189, 13, 3.85),
(3696, 190, 13, 3.16),
(3697, 191, 13, 4.77),
(3698, 192, 13, 5.00),
(3699, 193, 13, 2.42),
(3700, 194, 13, 2.22),
(3701, 195, 13, 4.65),
(3702, 196, 13, 4.68),
(3703, 197, 13, 3.07),
(3704, 198, 13, 3.31),
(3705, 199, 13, 3.55),
(3706, 200, 13, 2.15),
(3707, 201, 13, 3.71),
(3708, 202, 13, 2.91),
(3709, 203, 13, 2.25),
(3710, 204, 13, 3.75),
(3711, 205, 13, 3.58),
(3712, 206, 13, 2.11),
(3713, 207, 13, 3.13),
(3714, 208, 13, 4.15),
(3715, 209, 13, 3.19),
(3716, 210, 13, 3.49),
(3717, 211, 13, 3.25),
(3718, 212, 13, 2.15),
(3719, 213, 13, 3.75),
(3720, 214, 13, 4.52),
(3721, 215, 13, 2.89),
(3722, 216, 13, 4.72),
(3723, 217, 13, 2.66),
(3724, 218, 13, 2.11),
(3725, 219, 13, 2.65),
(3726, 220, 13, 3.60),
(3727, 221, 13, 2.32),
(3728, 222, 13, 2.21),
(3729, 223, 13, 4.46),
(3730, 224, 13, 4.27),
(3731, 225, 13, 2.02),
(3732, 226, 13, 4.63),
(3733, 227, 13, 3.92),
(3734, 228, 13, 3.48),
(3735, 229, 13, 3.49),
(3736, 230, 13, 3.31),
(3737, 231, 13, 4.43),
(3738, 232, 13, 3.80),
(3739, 233, 13, 4.77),
(3740, 234, 13, 3.17),
(3741, 235, 13, 2.22),
(3742, 236, 13, 3.88),
(3743, 237, 13, 3.93),
(3744, 238, 13, 2.45),
(3745, 239, 13, 2.86),
(3746, 240, 13, 2.17),
(3747, 241, 13, 3.02),
(3748, 242, 13, 3.81),
(3749, 243, 13, 2.13),
(3750, 244, 13, 3.59),
(3751, 245, 13, 3.00),
(3752, 246, 13, 3.05),
(3753, 247, 13, 2.80),
(3754, 248, 13, 3.11),
(3755, 249, 13, 3.08),
(3756, 250, 13, 3.12),
(3757, 251, 13, 2.03),
(3758, 252, 13, 3.68),
(3759, 253, 13, 3.87),
(3760, 254, 13, 2.06),
(3761, 255, 13, 4.59),
(3762, 101, 14, 3.16),
(3763, 102, 14, 3.87),
(3764, 103, 14, 3.33),
(3765, 104, 14, 2.03),
(3766, 105, 14, 4.01),
(3767, 106, 14, 4.49),
(3768, 107, 14, 2.63),
(3769, 108, 14, 2.35),
(3770, 109, 14, 3.11),
(3771, 110, 14, 3.26),
(3772, 111, 14, 3.90),
(3773, 112, 14, 2.93),
(3774, 113, 14, 3.67),
(3775, 114, 14, 4.24),
(3776, 115, 14, 3.97),
(3777, 116, 14, 2.26),
(3778, 117, 14, 4.47),
(3779, 118, 14, 2.63),
(3780, 119, 14, 3.15),
(3781, 120, 14, 2.63),
(3782, 121, 14, 2.03),
(3783, 122, 14, 3.32),
(3784, 123, 14, 2.96),
(3785, 124, 14, 2.30),
(3786, 125, 14, 4.40),
(3787, 126, 14, 4.53),
(3788, 127, 14, 4.52),
(3789, 128, 14, 4.26),
(3790, 129, 14, 4.43),
(3791, 130, 14, 4.02),
(3792, 131, 14, 2.06),
(3793, 132, 14, 4.80),
(3794, 133, 14, 2.16),
(3795, 134, 14, 2.54),
(3796, 135, 14, 2.06),
(3797, 136, 14, 2.01),
(3798, 137, 14, 2.58),
(3799, 138, 14, 4.50),
(3800, 139, 14, 4.98),
(3801, 140, 14, 3.84),
(3802, 141, 14, 3.32),
(3803, 142, 14, 4.67),
(3804, 143, 14, 3.30),
(3805, 144, 14, 2.90),
(3806, 145, 14, 2.39),
(3807, 146, 14, 3.35),
(3808, 147, 14, 2.30),
(3809, 148, 14, 2.38),
(3810, 149, 14, 4.99),
(3811, 150, 14, 3.99),
(3812, 151, 14, 4.80),
(3813, 152, 14, 3.62),
(3814, 153, 14, 2.89),
(3815, 154, 14, 2.72),
(3816, 155, 14, 4.00),
(3817, 156, 14, 3.36),
(3818, 157, 14, 2.94),
(3819, 158, 14, 4.18),
(3820, 159, 14, 3.29),
(3821, 160, 14, 2.55),
(3822, 161, 14, 2.81),
(3823, 162, 14, 2.52),
(3824, 163, 14, 3.27),
(3825, 164, 14, 4.72),
(3826, 165, 14, 4.54),
(3827, 166, 14, 3.94),
(3828, 167, 14, 4.15),
(3829, 168, 14, 3.78),
(3830, 169, 14, 3.87),
(3831, 170, 14, 3.83),
(3832, 171, 14, 4.47),
(3833, 172, 14, 3.94),
(3834, 173, 14, 2.83),
(3835, 174, 14, 4.63),
(3836, 175, 14, 2.49),
(3837, 176, 14, 2.66),
(3838, 177, 14, 2.05),
(3839, 178, 14, 2.32),
(3840, 179, 14, 3.98),
(3841, 180, 14, 4.61),
(3842, 181, 14, 3.64),
(3843, 182, 14, 3.41),
(3844, 183, 14, 3.71),
(3845, 184, 14, 3.54),
(3846, 185, 14, 4.73),
(3847, 186, 14, 2.09),
(3848, 187, 14, 3.88),
(3849, 188, 14, 3.02),
(3850, 189, 14, 4.41),
(3851, 190, 14, 4.50),
(3852, 191, 14, 4.50),
(3853, 192, 14, 3.90),
(3854, 193, 14, 2.39),
(3855, 194, 14, 4.62),
(3856, 195, 14, 2.35),
(3857, 196, 14, 4.10),
(3858, 197, 14, 3.54),
(3859, 198, 14, 3.03),
(3860, 199, 14, 3.37),
(3861, 200, 14, 3.49),
(3862, 201, 14, 2.97),
(3863, 202, 14, 3.99),
(3864, 203, 14, 2.91),
(3865, 204, 14, 3.34),
(3866, 205, 14, 2.76),
(3867, 206, 14, 3.25),
(3868, 207, 14, 3.74),
(3869, 208, 14, 2.80),
(3870, 209, 14, 3.11),
(3871, 210, 14, 4.94),
(3872, 211, 14, 4.63),
(3873, 212, 14, 4.69),
(3874, 213, 14, 3.97),
(3875, 214, 14, 4.34),
(3876, 215, 14, 2.35),
(3877, 216, 14, 3.53),
(3878, 217, 14, 4.01),
(3879, 218, 14, 4.30),
(3880, 219, 14, 2.35),
(3881, 220, 14, 4.32),
(3882, 221, 14, 4.11),
(3883, 222, 14, 3.04),
(3884, 223, 14, 4.24),
(3885, 224, 14, 3.11),
(3886, 225, 14, 2.52),
(3887, 226, 14, 4.50),
(3888, 227, 14, 3.30),
(3889, 228, 14, 2.51),
(3890, 229, 14, 3.10),
(3891, 230, 14, 2.31),
(3892, 231, 14, 4.98),
(3893, 232, 14, 2.87),
(3894, 233, 14, 3.02),
(3895, 234, 14, 2.38),
(3896, 235, 14, 4.52),
(3897, 236, 14, 4.29),
(3898, 237, 14, 4.68),
(3899, 238, 14, 2.64),
(3900, 239, 14, 4.63),
(3901, 240, 14, 3.76),
(3902, 241, 14, 4.26),
(3903, 242, 14, 2.22),
(3904, 243, 14, 3.08),
(3905, 244, 14, 4.06),
(3906, 245, 14, 3.83),
(3907, 246, 14, 4.03),
(3908, 247, 14, 3.85),
(3909, 248, 14, 4.17),
(3910, 249, 14, 2.62),
(3911, 250, 14, 3.65),
(3912, 251, 14, 3.59),
(3913, 252, 14, 3.39),
(3914, 253, 14, 4.64),
(3915, 254, 14, 2.39),
(3916, 255, 14, 3.19),
(3917, 101, 15, 2.26),
(3918, 102, 15, 4.37),
(3919, 103, 15, 2.16),
(3920, 104, 15, 3.22),
(3921, 105, 15, 2.15),
(3922, 106, 15, 4.56),
(3923, 107, 15, 2.16),
(3924, 108, 15, 2.95),
(3925, 109, 15, 3.91),
(3926, 110, 15, 4.31),
(3927, 111, 15, 4.08),
(3928, 112, 15, 4.69),
(3929, 113, 15, 4.55),
(3930, 114, 15, 2.41),
(3931, 115, 15, 3.64),
(3932, 116, 15, 4.48),
(3933, 117, 15, 4.70),
(3934, 118, 15, 3.82),
(3935, 119, 15, 4.71),
(3936, 120, 15, 3.56),
(3937, 121, 15, 4.37),
(3938, 122, 15, 4.18),
(3939, 123, 15, 2.88),
(3940, 124, 15, 3.02),
(3941, 125, 15, 4.55),
(3942, 126, 15, 2.07),
(3943, 127, 15, 4.53),
(3944, 128, 15, 3.87),
(3945, 129, 15, 2.33),
(3946, 130, 15, 3.71),
(3947, 131, 15, 3.12),
(3948, 132, 15, 3.67),
(3949, 133, 15, 2.16),
(3950, 134, 15, 3.87),
(3951, 135, 15, 2.02),
(3952, 136, 15, 2.36),
(3953, 137, 15, 3.68),
(3954, 138, 15, 2.79),
(3955, 139, 15, 4.29),
(3956, 140, 15, 2.26),
(3957, 141, 15, 3.82),
(3958, 142, 15, 2.46),
(3959, 143, 15, 3.25),
(3960, 144, 15, 2.49),
(3961, 145, 15, 3.70),
(3962, 146, 15, 4.10),
(3963, 147, 15, 3.89),
(3964, 148, 15, 3.77),
(3965, 149, 15, 2.15),
(3966, 150, 15, 4.04),
(3967, 151, 15, 3.23),
(3968, 152, 15, 3.47),
(3969, 153, 15, 2.13),
(3970, 154, 15, 3.81),
(3971, 155, 15, 4.40),
(3972, 156, 15, 3.80),
(3973, 157, 15, 2.28),
(3974, 158, 15, 3.79),
(3975, 159, 15, 3.60),
(3976, 160, 15, 4.22),
(3977, 161, 15, 2.45),
(3978, 162, 15, 4.05),
(3979, 163, 15, 4.70),
(3980, 164, 15, 3.30),
(3981, 165, 15, 2.63),
(3982, 166, 15, 4.75),
(3983, 167, 15, 4.00),
(3984, 168, 15, 2.62),
(3985, 169, 15, 3.77),
(3986, 170, 15, 3.01),
(3987, 171, 15, 3.16),
(3988, 172, 15, 2.28),
(3989, 173, 15, 2.45),
(3990, 174, 15, 2.64),
(3991, 175, 15, 2.14),
(3992, 176, 15, 4.40),
(3993, 177, 15, 3.35),
(3994, 178, 15, 4.16),
(3995, 179, 15, 2.56),
(3996, 180, 15, 3.46),
(3997, 181, 15, 4.40),
(3998, 182, 15, 4.51),
(3999, 183, 15, 4.54),
(4000, 184, 15, 3.85),
(4001, 185, 15, 4.82),
(4002, 186, 15, 4.56),
(4003, 187, 15, 2.66),
(4004, 188, 15, 4.37),
(4005, 189, 15, 4.78),
(4006, 190, 15, 5.00),
(4007, 191, 15, 4.80),
(4008, 192, 15, 2.68),
(4009, 193, 15, 3.77),
(4010, 194, 15, 3.41),
(4011, 195, 15, 2.92),
(4012, 196, 15, 2.37),
(4013, 197, 15, 3.41),
(4014, 198, 15, 4.76),
(4015, 199, 15, 4.01),
(4016, 200, 15, 2.09),
(4017, 201, 15, 2.05),
(4018, 202, 15, 2.79),
(4019, 203, 15, 4.52),
(4020, 204, 15, 3.30),
(4021, 205, 15, 4.48),
(4022, 206, 15, 2.39),
(4023, 207, 15, 3.73),
(4024, 208, 15, 2.41),
(4025, 209, 15, 4.75),
(4026, 210, 15, 4.77),
(4027, 211, 15, 3.71),
(4028, 212, 15, 2.10),
(4029, 213, 15, 2.85),
(4030, 214, 15, 3.65),
(4031, 215, 15, 4.91),
(4032, 216, 15, 3.66),
(4033, 217, 15, 3.06),
(4034, 218, 15, 2.95),
(4035, 219, 15, 3.42),
(4036, 220, 15, 2.10),
(4037, 221, 15, 4.42),
(4038, 222, 15, 2.88),
(4039, 223, 15, 4.00),
(4040, 224, 15, 2.78),
(4041, 225, 15, 4.79),
(4042, 226, 15, 3.24),
(4043, 227, 15, 3.75),
(4044, 228, 15, 2.40),
(4045, 229, 15, 4.27),
(4046, 230, 15, 2.45),
(4047, 231, 15, 3.09),
(4048, 232, 15, 3.23),
(4049, 233, 15, 3.45),
(4050, 234, 15, 4.65),
(4051, 235, 15, 2.26),
(4052, 236, 15, 3.19),
(4053, 237, 15, 3.94),
(4054, 238, 15, 2.27),
(4055, 239, 15, 4.46),
(4056, 240, 15, 2.40),
(4057, 241, 15, 2.48),
(4058, 242, 15, 3.45),
(4059, 243, 15, 3.34),
(4060, 244, 15, 3.80),
(4061, 245, 15, 2.79),
(4062, 246, 15, 4.02),
(4063, 247, 15, 4.21),
(4064, 248, 15, 4.03),
(4065, 249, 15, 4.36),
(4066, 250, 15, 2.99),
(4067, 251, 15, 3.23),
(4068, 252, 15, 3.56),
(4069, 253, 15, 2.56),
(4070, 254, 15, 3.49),
(4071, 255, 15, 4.31),
(4072, 101, 16, 2.60),
(4073, 102, 16, 4.53),
(4074, 103, 16, 4.94),
(4075, 104, 16, 4.35),
(4076, 105, 16, 2.86),
(4077, 106, 16, 2.43),
(4078, 107, 16, 4.26),
(4079, 108, 16, 4.41),
(4080, 109, 16, 3.61),
(4081, 110, 16, 4.92),
(4082, 111, 16, 2.71),
(4083, 112, 16, 2.54),
(4084, 113, 16, 2.12),
(4085, 114, 16, 2.67),
(4086, 115, 16, 4.65),
(4087, 116, 16, 3.96),
(4088, 117, 16, 2.20),
(4089, 118, 16, 4.73),
(4090, 119, 16, 3.07),
(4091, 120, 16, 4.35),
(4092, 121, 16, 2.62),
(4093, 122, 16, 3.57),
(4094, 123, 16, 4.47),
(4095, 124, 16, 2.77),
(4096, 125, 16, 2.02),
(4097, 126, 16, 3.85),
(4098, 127, 16, 4.68),
(4099, 128, 16, 3.42),
(4100, 129, 16, 4.26),
(4101, 130, 16, 4.71),
(4102, 131, 16, 2.05),
(4103, 132, 16, 3.94),
(4104, 133, 16, 3.15),
(4105, 134, 16, 4.93),
(4106, 135, 16, 2.11),
(4107, 136, 16, 4.62),
(4108, 137, 16, 2.71),
(4109, 138, 16, 3.12),
(4110, 139, 16, 4.03),
(4111, 140, 16, 4.71),
(4112, 141, 16, 2.90),
(4113, 142, 16, 4.80),
(4114, 143, 16, 2.89),
(4115, 144, 16, 2.06),
(4116, 145, 16, 4.54),
(4117, 146, 16, 2.00),
(4118, 147, 16, 2.64),
(4119, 148, 16, 2.60),
(4120, 149, 16, 4.75),
(4121, 150, 16, 2.02),
(4122, 151, 16, 3.99),
(4123, 152, 16, 4.98),
(4124, 153, 16, 4.51),
(4125, 154, 16, 2.41),
(4126, 155, 16, 3.74),
(4127, 156, 16, 2.82),
(4128, 157, 16, 2.46),
(4129, 158, 16, 4.85),
(4130, 159, 16, 2.98),
(4131, 160, 16, 2.34),
(4132, 161, 16, 4.70),
(4133, 162, 16, 3.00),
(4134, 163, 16, 3.31),
(4135, 164, 16, 3.62),
(4136, 165, 16, 2.59),
(4137, 166, 16, 2.64),
(4138, 167, 16, 3.19),
(4139, 168, 16, 2.93),
(4140, 169, 16, 2.61),
(4141, 170, 16, 3.74),
(4142, 171, 16, 4.26),
(4143, 172, 16, 3.68),
(4144, 173, 16, 4.20),
(4145, 174, 16, 3.20),
(4146, 175, 16, 2.94),
(4147, 176, 16, 4.21),
(4148, 177, 16, 3.73),
(4149, 178, 16, 4.72),
(4150, 179, 16, 3.49),
(4151, 180, 16, 2.18),
(4152, 181, 16, 3.82),
(4153, 182, 16, 4.05),
(4154, 183, 16, 3.92),
(4155, 184, 16, 2.53),
(4156, 185, 16, 4.46),
(4157, 186, 16, 2.33),
(4158, 187, 16, 4.48),
(4159, 188, 16, 4.98),
(4160, 189, 16, 3.33),
(4161, 190, 16, 2.97),
(4162, 191, 16, 4.44),
(4163, 192, 16, 2.34),
(4164, 193, 16, 2.51),
(4165, 194, 16, 3.65),
(4166, 195, 16, 3.91),
(4167, 196, 16, 2.28),
(4168, 197, 16, 4.13),
(4169, 198, 16, 4.34),
(4170, 199, 16, 4.04),
(4171, 200, 16, 2.90),
(4172, 201, 16, 4.19),
(4173, 202, 16, 4.89),
(4174, 203, 16, 2.21),
(4175, 204, 16, 4.81),
(4176, 205, 16, 3.26),
(4177, 206, 16, 3.71),
(4178, 207, 16, 3.08),
(4179, 208, 16, 4.53),
(4180, 209, 16, 2.85),
(4181, 210, 16, 2.09),
(4182, 211, 16, 2.04),
(4183, 212, 16, 2.53),
(4184, 213, 16, 4.28),
(4185, 214, 16, 3.29),
(4186, 215, 16, 2.20),
(4187, 216, 16, 2.49),
(4188, 217, 16, 2.75),
(4189, 218, 16, 3.86),
(4190, 219, 16, 3.70),
(4191, 220, 16, 4.26),
(4192, 221, 16, 2.33),
(4193, 222, 16, 2.22),
(4194, 223, 16, 2.61),
(4195, 224, 16, 3.54),
(4196, 225, 16, 2.95),
(4197, 226, 16, 4.34),
(4198, 227, 16, 4.93),
(4199, 228, 16, 3.34),
(4200, 229, 16, 4.06),
(4201, 230, 16, 3.91),
(4202, 231, 16, 4.24),
(4203, 232, 16, 4.64),
(4204, 233, 16, 4.69),
(4205, 234, 16, 4.72),
(4206, 235, 16, 4.73),
(4207, 236, 16, 3.80),
(4208, 237, 16, 4.03),
(4209, 238, 16, 3.00),
(4210, 239, 16, 4.13),
(4211, 240, 16, 2.29),
(4212, 241, 16, 3.93),
(4213, 242, 16, 2.62),
(4214, 243, 16, 4.05),
(4215, 244, 16, 2.04),
(4216, 245, 16, 4.55),
(4217, 246, 16, 4.53),
(4218, 247, 16, 3.16),
(4219, 248, 16, 2.56),
(4220, 249, 16, 3.39),
(4221, 250, 16, 3.24),
(4222, 251, 16, 2.06),
(4223, 252, 16, 5.00),
(4224, 253, 16, 3.69),
(4225, 254, 16, 3.00),
(4226, 255, 16, 4.24),
(4227, 101, 17, 2.49),
(4228, 102, 17, 2.04),
(4229, 103, 17, 3.38),
(4230, 104, 17, 4.20),
(4231, 105, 17, 3.39),
(4232, 106, 17, 3.51),
(4233, 107, 17, 4.53),
(4234, 108, 17, 4.77),
(4235, 109, 17, 4.19),
(4236, 110, 17, 3.86),
(4237, 111, 17, 3.92),
(4238, 112, 17, 2.94),
(4239, 113, 17, 4.84),
(4240, 114, 17, 4.48),
(4241, 115, 17, 3.45),
(4242, 116, 17, 2.13),
(4243, 117, 17, 4.61),
(4244, 118, 17, 3.73),
(4245, 119, 17, 2.32),
(4246, 120, 17, 4.67),
(4247, 121, 17, 4.09),
(4248, 122, 17, 2.75),
(4249, 123, 17, 4.17),
(4250, 124, 17, 3.14),
(4251, 125, 17, 2.02),
(4252, 126, 17, 2.70),
(4253, 127, 17, 2.05),
(4254, 128, 17, 3.42),
(4255, 129, 17, 4.36),
(4256, 130, 17, 2.98),
(4257, 131, 17, 2.72),
(4258, 132, 17, 4.67),
(4259, 133, 17, 2.16),
(4260, 134, 17, 2.61),
(4261, 135, 17, 4.39),
(4262, 136, 17, 4.27),
(4263, 137, 17, 4.23),
(4264, 138, 17, 4.95),
(4265, 139, 17, 3.15),
(4266, 140, 17, 4.06),
(4267, 141, 17, 2.51),
(4268, 142, 17, 2.44),
(4269, 143, 17, 4.02),
(4270, 144, 17, 2.14),
(4271, 145, 17, 3.54),
(4272, 146, 17, 4.44),
(4273, 147, 17, 2.35),
(4274, 148, 17, 3.17),
(4275, 149, 17, 2.42),
(4276, 150, 17, 4.92),
(4277, 151, 17, 4.59),
(4278, 152, 17, 4.23),
(4279, 153, 17, 4.58),
(4280, 154, 17, 4.13),
(4281, 155, 17, 3.03),
(4282, 156, 17, 2.82),
(4283, 157, 17, 3.18),
(4284, 158, 17, 2.80),
(4285, 159, 17, 3.71),
(4286, 160, 17, 3.45),
(4287, 161, 17, 2.07),
(4288, 162, 17, 4.89),
(4289, 163, 17, 4.11),
(4290, 164, 17, 3.76),
(4291, 165, 17, 3.01),
(4292, 166, 17, 2.31),
(4293, 167, 17, 3.43),
(4294, 168, 17, 4.01),
(4295, 169, 17, 2.27),
(4296, 170, 17, 4.25),
(4297, 171, 17, 4.74),
(4298, 172, 17, 2.55),
(4299, 173, 17, 2.33),
(4300, 174, 17, 2.43),
(4301, 175, 17, 3.29),
(4302, 176, 17, 2.85),
(4303, 177, 17, 4.85),
(4304, 178, 17, 2.52),
(4305, 179, 17, 3.17),
(4306, 180, 17, 2.23),
(4307, 181, 17, 2.90),
(4308, 182, 17, 4.27),
(4309, 183, 17, 3.99),
(4310, 184, 17, 3.66),
(4311, 185, 17, 2.39),
(4312, 186, 17, 2.69),
(4313, 187, 17, 3.78),
(4314, 188, 17, 4.03),
(4315, 189, 17, 4.28),
(4316, 190, 17, 4.86),
(4317, 191, 17, 4.45),
(4318, 192, 17, 2.02),
(4319, 193, 17, 2.99),
(4320, 194, 17, 4.51),
(4321, 195, 17, 2.53),
(4322, 196, 17, 4.21),
(4323, 197, 17, 3.41),
(4324, 198, 17, 2.04),
(4325, 199, 17, 2.98),
(4326, 200, 17, 2.32),
(4327, 201, 17, 3.72),
(4328, 202, 17, 3.38),
(4329, 203, 17, 4.35),
(4330, 204, 17, 2.33),
(4331, 205, 17, 3.75),
(4332, 206, 17, 2.74),
(4333, 207, 17, 4.14),
(4334, 208, 17, 3.38),
(4335, 209, 17, 4.91),
(4336, 210, 17, 2.63),
(4337, 211, 17, 4.22),
(4338, 212, 17, 4.50),
(4339, 213, 17, 3.07),
(4340, 214, 17, 4.29),
(4341, 215, 17, 3.23),
(4342, 216, 17, 3.74),
(4343, 217, 17, 4.33),
(4344, 218, 17, 4.41),
(4345, 219, 17, 3.69),
(4346, 220, 17, 4.40),
(4347, 221, 17, 4.58),
(4348, 222, 17, 3.74),
(4349, 223, 17, 2.65),
(4350, 224, 17, 3.33),
(4351, 225, 17, 4.32),
(4352, 226, 17, 3.23),
(4353, 227, 17, 3.08),
(4354, 228, 17, 3.06),
(4355, 229, 17, 2.36),
(4356, 230, 17, 3.19),
(4357, 231, 17, 3.03),
(4358, 232, 17, 3.76),
(4359, 233, 17, 2.28),
(4360, 234, 17, 2.62),
(4361, 235, 17, 2.41),
(4362, 236, 17, 4.13),
(4363, 237, 17, 3.62),
(4364, 238, 17, 4.92),
(4365, 239, 17, 3.69),
(4366, 240, 17, 2.66),
(4367, 241, 17, 3.14),
(4368, 242, 17, 3.06),
(4369, 243, 17, 2.47),
(4370, 244, 17, 2.26),
(4371, 245, 17, 3.37),
(4372, 246, 17, 4.26),
(4373, 247, 17, 3.85),
(4374, 248, 17, 2.53),
(4375, 249, 17, 2.64),
(4376, 250, 17, 2.90),
(4377, 251, 17, 3.06),
(4378, 252, 17, 4.56),
(4379, 253, 17, 3.72),
(4380, 254, 17, 3.39),
(4381, 255, 17, 5.00),
(4382, 101, 18, 3.51),
(4383, 102, 18, 2.07),
(4384, 103, 18, 2.41),
(4385, 104, 18, 2.71),
(4386, 105, 18, 2.65),
(4387, 106, 18, 4.80),
(4388, 107, 18, 3.97),
(4389, 108, 18, 3.67),
(4390, 109, 18, 3.36),
(4391, 110, 18, 2.36),
(4392, 111, 18, 4.26),
(4393, 112, 18, 4.63),
(4394, 113, 18, 2.02),
(4395, 114, 18, 3.49),
(4396, 115, 18, 3.90),
(4397, 116, 18, 3.59),
(4398, 117, 18, 3.29),
(4399, 118, 18, 2.44),
(4400, 119, 18, 3.16),
(4401, 120, 18, 2.62),
(4402, 121, 18, 2.95),
(4403, 122, 18, 3.38),
(4404, 123, 18, 2.72),
(4405, 124, 18, 3.63),
(4406, 125, 18, 2.27),
(4407, 126, 18, 2.94),
(4408, 127, 18, 2.93),
(4409, 128, 18, 4.86),
(4410, 129, 18, 3.45),
(4411, 130, 18, 2.97),
(4412, 131, 18, 4.89),
(4413, 132, 18, 3.15),
(4414, 133, 18, 3.97),
(4415, 134, 18, 4.83),
(4416, 135, 18, 3.13),
(4417, 136, 18, 4.75),
(4418, 137, 18, 4.34),
(4419, 138, 18, 4.16),
(4420, 139, 18, 2.73),
(4421, 140, 18, 4.67),
(4422, 141, 18, 2.31),
(4423, 142, 18, 4.66),
(4424, 143, 18, 2.57),
(4425, 144, 18, 3.34),
(4426, 145, 18, 4.87),
(4427, 146, 18, 3.70),
(4428, 147, 18, 2.99),
(4429, 148, 18, 3.17),
(4430, 149, 18, 2.53),
(4431, 150, 18, 4.54),
(4432, 151, 18, 4.17),
(4433, 152, 18, 2.38),
(4434, 153, 18, 4.38),
(4435, 154, 18, 4.42),
(4436, 155, 18, 4.53),
(4437, 156, 18, 2.98),
(4438, 157, 18, 3.76),
(4439, 158, 18, 4.53),
(4440, 159, 18, 4.12),
(4441, 160, 18, 2.67),
(4442, 161, 18, 4.48),
(4443, 162, 18, 2.90),
(4444, 163, 18, 4.79),
(4445, 164, 18, 4.59),
(4446, 165, 18, 3.96),
(4447, 166, 18, 2.46),
(4448, 167, 18, 4.96),
(4449, 168, 18, 3.14),
(4450, 169, 18, 3.07),
(4451, 170, 18, 2.14),
(4452, 171, 18, 3.51),
(4453, 172, 18, 4.55),
(4454, 173, 18, 4.98),
(4455, 174, 18, 2.77),
(4456, 175, 18, 2.10),
(4457, 176, 18, 4.50),
(4458, 177, 18, 2.57),
(4459, 178, 18, 3.05),
(4460, 179, 18, 4.97),
(4461, 180, 18, 2.22),
(4462, 181, 18, 3.48),
(4463, 182, 18, 2.88),
(4464, 183, 18, 3.34),
(4465, 184, 18, 4.01),
(4466, 185, 18, 2.62),
(4467, 186, 18, 4.83),
(4468, 187, 18, 2.39),
(4469, 188, 18, 3.99),
(4470, 189, 18, 2.08),
(4471, 190, 18, 3.01),
(4472, 191, 18, 4.71),
(4473, 192, 18, 3.42),
(4474, 193, 18, 3.48),
(4475, 194, 18, 2.34),
(4476, 195, 18, 3.45),
(4477, 196, 18, 4.42),
(4478, 197, 18, 3.68),
(4479, 198, 18, 4.19),
(4480, 199, 18, 4.28),
(4481, 200, 18, 3.10),
(4482, 201, 18, 4.54),
(4483, 202, 18, 2.77),
(4484, 203, 18, 2.55),
(4485, 204, 18, 3.57),
(4486, 205, 18, 3.03),
(4487, 206, 18, 2.49),
(4488, 207, 18, 4.82),
(4489, 208, 18, 2.50),
(4490, 209, 18, 2.54),
(4491, 210, 18, 2.65),
(4492, 211, 18, 3.84),
(4493, 212, 18, 4.59),
(4494, 213, 18, 4.69),
(4495, 214, 18, 2.39),
(4496, 215, 18, 2.38),
(4497, 216, 18, 4.07),
(4498, 217, 18, 2.49),
(4499, 218, 18, 2.52),
(4500, 219, 18, 2.69),
(4501, 220, 18, 3.75),
(4502, 221, 18, 3.98),
(4503, 222, 18, 3.78),
(4504, 223, 18, 4.09),
(4505, 224, 18, 3.73),
(4506, 225, 18, 4.45),
(4507, 226, 18, 3.35),
(4508, 227, 18, 2.69),
(4509, 228, 18, 2.06),
(4510, 229, 18, 3.33),
(4511, 230, 18, 2.86),
(4512, 231, 18, 4.81),
(4513, 232, 18, 3.63),
(4514, 233, 18, 3.03),
(4515, 234, 18, 3.86),
(4516, 235, 18, 2.53),
(4517, 236, 18, 2.35),
(4518, 237, 18, 3.93),
(4519, 238, 18, 3.78),
(4520, 239, 18, 3.30),
(4521, 240, 18, 3.78),
(4522, 241, 18, 4.31),
(4523, 242, 18, 4.85),
(4524, 243, 18, 3.67),
(4525, 244, 18, 4.58),
(4526, 245, 18, 2.76),
(4527, 246, 18, 3.92),
(4528, 247, 18, 3.88),
(4529, 248, 18, 2.71),
(4530, 249, 18, 4.65),
(4531, 250, 18, 3.04),
(4532, 251, 18, 2.22),
(4533, 252, 18, 3.91),
(4534, 253, 18, 4.73),
(4535, 254, 18, 4.03),
(4536, 255, 18, 4.76),
(4537, 101, 19, 2.74),
(4538, 102, 19, 2.69),
(4539, 103, 19, 2.71),
(4540, 104, 19, 4.98),
(4541, 105, 19, 2.92),
(4542, 106, 19, 3.57),
(4543, 107, 19, 4.19),
(4544, 108, 19, 3.54),
(4545, 109, 19, 2.51),
(4546, 110, 19, 4.65),
(4547, 111, 19, 4.04),
(4548, 112, 19, 4.94),
(4549, 113, 19, 2.29),
(4550, 114, 19, 2.66),
(4551, 115, 19, 3.84),
(4552, 116, 19, 4.00),
(4553, 117, 19, 2.24),
(4554, 118, 19, 3.96),
(4555, 119, 19, 4.94),
(4556, 120, 19, 3.89),
(4557, 121, 19, 3.29),
(4558, 122, 19, 4.15),
(4559, 123, 19, 3.89),
(4561, 125, 19, 2.91),
(4562, 126, 19, 2.45),
(4563, 127, 19, 4.22),
(4564, 128, 19, 3.14),
(4565, 129, 19, 2.96),
(4566, 130, 19, 3.33),
(4567, 131, 19, 4.47),
(4568, 132, 19, 2.80),
(4569, 133, 19, 3.14),
(4570, 134, 19, 3.84),
(4571, 135, 19, 3.80),
(4572, 136, 19, 3.64),
(4573, 137, 19, 4.97),
(4574, 138, 19, 3.98),
(4575, 139, 19, 3.49),
(4576, 140, 19, 4.31),
(4577, 141, 19, 2.06),
(4578, 142, 19, 2.66),
(4579, 143, 19, 4.35),
(4580, 144, 19, 2.05),
(4581, 145, 19, 3.35),
(4582, 146, 19, 3.91),
(4583, 147, 19, 3.50),
(4584, 148, 19, 2.77),
(4585, 149, 19, 2.67),
(4586, 150, 19, 3.65),
(4587, 151, 19, 4.89),
(4588, 152, 19, 4.45),
(4589, 153, 19, 4.56),
(4590, 154, 19, 2.70),
(4591, 155, 19, 4.38),
(4592, 156, 19, 3.21),
(4593, 157, 19, 2.53),
(4594, 158, 19, 3.36),
(4595, 159, 19, 3.06),
(4596, 160, 19, 4.62),
(4597, 161, 19, 4.47),
(4598, 162, 19, 4.66),
(4599, 163, 19, 4.77),
(4600, 164, 19, 3.16),
(4601, 165, 19, 3.65),
(4602, 166, 19, 4.52),
(4603, 167, 19, 2.95),
(4604, 168, 19, 3.03),
(4605, 169, 19, 4.57),
(4606, 170, 19, 4.94),
(4607, 171, 19, 2.84),
(4608, 172, 19, 2.93),
(4609, 173, 19, 3.85),
(4610, 174, 19, 4.11),
(4611, 175, 19, 2.18),
(4612, 176, 19, 2.46),
(4613, 177, 19, 4.37),
(4614, 178, 19, 4.87),
(4615, 179, 19, 3.60),
(4616, 180, 19, 2.59),
(4617, 181, 19, 2.29),
(4618, 182, 19, 3.89),
(4619, 183, 19, 2.06),
(4620, 184, 19, 4.05),
(4621, 185, 19, 2.73),
(4622, 186, 19, 2.22),
(4623, 187, 19, 4.97),
(4624, 188, 19, 4.19),
(4625, 189, 19, 2.23),
(4626, 190, 19, 3.09),
(4627, 191, 19, 2.16),
(4628, 192, 19, 2.15),
(4629, 193, 19, 2.58),
(4630, 194, 19, 2.79),
(4631, 195, 19, 4.45),
(4632, 196, 19, 2.25),
(4633, 197, 19, 4.35),
(4634, 198, 19, 3.15),
(4635, 199, 19, 3.71),
(4636, 200, 19, 4.73),
(4637, 201, 19, 2.33),
(4638, 202, 19, 3.36),
(4639, 203, 19, 2.17),
(4640, 204, 19, 4.83),
(4641, 205, 19, 4.55),
(4642, 206, 19, 4.65),
(4643, 207, 19, 3.96),
(4644, 208, 19, 4.66),
(4645, 209, 19, 4.22),
(4646, 210, 19, 2.99),
(4647, 211, 19, 3.63),
(4648, 212, 19, 2.70),
(4649, 213, 19, 2.09),
(4650, 214, 19, 4.67),
(4651, 215, 19, 4.91),
(4652, 216, 19, 4.06),
(4653, 217, 19, 2.96),
(4654, 218, 19, 3.90),
(4655, 219, 19, 3.29),
(4656, 220, 19, 4.10),
(4657, 221, 19, 3.16),
(4658, 222, 19, 4.83),
(4659, 223, 19, 3.53),
(4660, 224, 19, 4.27),
(4661, 225, 19, 2.99),
(4662, 226, 19, 4.93),
(4663, 227, 19, 4.55),
(4664, 228, 19, 2.36),
(4665, 229, 19, 2.42),
(4666, 230, 19, 3.63),
(4667, 231, 19, 4.23),
(4668, 232, 19, 2.93),
(4669, 233, 19, 3.30),
(4670, 234, 19, 3.59),
(4671, 235, 19, 3.41),
(4672, 236, 19, 4.58),
(4673, 237, 19, 4.00),
(4674, 238, 19, 2.86),
(4675, 239, 19, 4.56),
(4676, 240, 19, 4.29),
(4677, 241, 19, 3.56),
(4678, 242, 19, 2.38),
(4679, 243, 19, 2.99),
(4680, 244, 19, 2.30),
(4681, 245, 19, 4.67),
(4682, 246, 19, 2.33),
(4683, 247, 19, 2.05),
(4684, 248, 19, 4.83),
(4685, 249, 19, 4.05),
(4686, 250, 19, 2.86),
(4687, 251, 19, 4.90),
(4688, 252, 19, 2.63),
(4689, 253, 19, 2.44),
(4690, 254, 19, 3.25),
(4691, 255, 19, 4.44),
(4692, 101, 20, 3.72),
(4693, 102, 20, 4.92),
(4694, 103, 20, 4.40),
(4695, 104, 20, 3.23),
(4696, 105, 20, 2.88),
(4697, 106, 20, 3.22),
(4698, 107, 20, 4.11),
(4699, 108, 20, 3.39),
(4700, 109, 20, 2.15),
(4701, 110, 20, 3.14),
(4702, 111, 20, 2.55),
(4703, 112, 20, 2.74),
(4704, 113, 20, 2.70),
(4705, 114, 20, 2.24),
(4706, 115, 20, 4.92),
(4707, 116, 20, 2.90),
(4708, 117, 20, 4.01),
(4709, 118, 20, 3.48),
(4710, 119, 20, 4.47),
(4711, 120, 20, 4.35),
(4712, 121, 20, 3.08),
(4713, 122, 20, 3.38),
(4714, 123, 20, 2.42),
(4715, 124, 20, 2.34),
(4716, 125, 20, 3.79),
(4717, 126, 20, 4.50),
(4718, 127, 20, 2.64),
(4719, 128, 20, 2.46),
(4720, 129, 20, 2.46),
(4721, 130, 20, 2.29),
(4722, 131, 20, 3.91),
(4723, 132, 20, 2.03),
(4724, 133, 20, 4.30),
(4725, 134, 20, 2.69),
(4726, 135, 20, 4.09),
(4727, 136, 20, 3.96),
(4728, 137, 20, 4.59),
(4729, 138, 20, 4.51),
(4730, 139, 20, 4.79),
(4731, 140, 20, 2.48),
(4732, 141, 20, 4.13),
(4733, 142, 20, 3.30),
(4734, 143, 20, 2.89),
(4735, 144, 20, 2.04),
(4736, 145, 20, 4.66),
(4737, 146, 20, 3.77),
(4738, 147, 20, 2.58),
(4739, 148, 20, 2.75),
(4740, 149, 20, 4.65),
(4741, 150, 20, 2.97),
(4742, 151, 20, 3.12),
(4743, 152, 20, 4.74),
(4744, 153, 20, 3.92),
(4745, 154, 20, 2.86),
(4746, 155, 20, 2.81),
(4747, 156, 20, 4.52),
(4748, 157, 20, 3.33),
(4749, 158, 20, 2.86),
(4750, 159, 20, 2.30),
(4751, 160, 20, 2.24),
(4752, 161, 20, 2.19),
(4753, 162, 20, 3.23),
(4754, 163, 20, 3.86),
(4755, 164, 20, 3.70),
(4756, 165, 20, 4.88),
(4757, 166, 20, 4.27),
(4758, 167, 20, 4.63),
(4759, 168, 20, 2.50),
(4760, 169, 20, 3.10),
(4761, 170, 20, 4.57),
(4762, 171, 20, 4.02),
(4763, 172, 20, 4.06),
(4764, 173, 20, 4.71),
(4765, 174, 20, 4.79),
(4766, 175, 20, 2.40),
(4767, 176, 20, 4.67),
(4768, 177, 20, 2.24),
(4769, 178, 20, 2.96),
(4770, 179, 20, 2.49),
(4771, 180, 20, 3.85),
(4772, 181, 20, 4.73),
(4773, 182, 20, 2.12),
(4774, 183, 20, 3.75),
(4775, 184, 20, 4.33),
(4776, 185, 20, 2.84),
(4777, 186, 20, 4.79),
(4778, 187, 20, 5.00),
(4779, 188, 20, 2.92),
(4780, 189, 20, 2.48),
(4781, 190, 20, 4.28),
(4782, 191, 20, 3.58),
(4783, 192, 20, 3.25),
(4784, 193, 20, 3.77),
(4785, 194, 20, 2.46),
(4786, 195, 20, 4.33),
(4787, 196, 20, 2.53),
(4788, 197, 20, 3.74),
(4789, 198, 20, 2.56),
(4790, 199, 20, 3.39),
(4791, 200, 20, 2.39),
(4792, 201, 20, 3.56),
(4793, 202, 20, 3.08),
(4794, 203, 20, 2.45),
(4795, 204, 20, 3.58),
(4796, 205, 20, 4.15),
(4797, 206, 20, 4.21),
(4798, 207, 20, 4.43),
(4799, 208, 20, 3.09),
(4800, 209, 20, 2.64),
(4801, 210, 20, 4.98),
(4802, 211, 20, 3.22),
(4803, 212, 20, 4.68),
(4804, 213, 20, 2.12),
(4805, 214, 20, 4.87),
(4806, 215, 20, 4.77),
(4807, 216, 20, 4.59),
(4808, 217, 20, 4.24),
(4809, 218, 20, 4.98),
(4810, 219, 20, 3.14),
(4811, 220, 20, 3.65),
(4812, 221, 20, 4.24),
(4813, 222, 20, 3.65),
(4814, 223, 20, 4.66),
(4815, 224, 20, 3.89),
(4816, 225, 20, 2.87),
(4817, 226, 20, 3.66),
(4818, 227, 20, 2.66),
(4819, 228, 20, 4.00),
(4820, 229, 20, 3.77),
(4821, 230, 20, 4.49),
(4822, 231, 20, 3.89),
(4823, 232, 20, 2.56),
(4824, 233, 20, 4.84),
(4825, 234, 20, 4.16),
(4826, 235, 20, 4.64),
(4827, 236, 20, 2.11),
(4828, 237, 20, 4.70),
(4829, 238, 20, 3.51),
(4830, 239, 20, 4.48),
(4831, 240, 20, 2.41),
(4832, 241, 20, 3.87),
(4833, 242, 20, 3.28),
(4834, 243, 20, 3.35),
(4835, 244, 20, 2.53),
(4836, 245, 20, 3.32),
(4837, 246, 20, 2.69),
(4838, 247, 20, 4.39),
(4839, 248, 20, 4.70),
(4840, 249, 20, 2.54),
(4841, 250, 20, 4.97),
(4842, 251, 20, 3.83),
(4843, 252, 20, 4.57),
(4844, 253, 20, 4.07),
(4845, 254, 20, 2.38),
(4846, 255, 20, 4.85),
(4847, 13, 1, 6.00);

-- --------------------------------------------------------

--
-- Estructura de tabla para la tabla `cartas_habilidades`
--

DROP TABLE IF EXISTS `cartas_habilidades`;
CREATE TABLE `cartas_habilidades` (
  `id_carta` int(11) NOT NULL,
  `id_habilidad` int(11) NOT NULL
) ENGINE=InnoDB DEFAULT CHARSET=utf8mb4 COLLATE=utf8mb4_general_ci;

--
-- Volcado de datos para la tabla `cartas_habilidades`
--

INSERT INTO `cartas_habilidades` (`id_carta`, `id_habilidad`) VALUES
(10, 8),
(11, 8),
(12, 8),
(19, 12),
(34, 2),
(34, 8),
(35, 5),
(36, 5),
(37, 4),
(67, 6),
(67, 12),
(68, 2),
(80, 12),
(95, 8),
(97, 7),
(97, 8),
(98, 12),
(124, 3),
(124, 8),
(124, 13),
(124, 14),
(126, 2),
(126, 4),
(126, 8),
(126, 13),
(128, 7),
(128, 8),
(155, 8),
(157, 8),
(158, 13),
(172, 13),
(173, 8),
(176, 7),
(176, 8),
(177, 8),
(180, 7),
(180, 9),
(182, 3),
(195, 8),
(195, 15),
(196, 5),
(196, 9),
(205, 4),
(205, 5),
(220, 8),
(222, 7),
(222, 8),
(223, 8),
(223, 12),
(224, 7),
(225, 10),
(230, 5),
(231, 8),
(232, 12),
(235, 13),
(237, 9),
(239, 5),
(239, 8),
(243, 9),
(251, 13),
(254, 8),
(255, 8);

-- --------------------------------------------------------

--
-- Estructura de tabla para la tabla `cartas_tipos_criatura`
--

DROP TABLE IF EXISTS `cartas_tipos_criatura`;
CREATE TABLE `cartas_tipos_criatura` (
  `id_carta` int(11) NOT NULL,
  `id_tipo_criatura` int(11) NOT NULL
) ENGINE=InnoDB DEFAULT CHARSET=utf8mb4 COLLATE=utf8mb4_general_ci;

--
-- Volcado de datos para la tabla `cartas_tipos_criatura`
--

INSERT INTO `cartas_tipos_criatura` (`id_carta`, `id_tipo_criatura`) VALUES
(1, 107),
(1, 117),
(2, 117),
(9, 47),
(9, 76),
(9, 117),
(10, 162),
(11, 67),
(12, 30),
(12, 75),
(13, 119),
(34, 7),
(35, 120),
(36, 21),
(37, 30),
(38, 201),
(64, 49),
(65, 76),
(66, 47),
(66, 175),
(67, 235),
(68, 238),
(94, 115),
(95, 84),
(96, 107),
(96, 241),
(97, 59),
(97, 150),
(124, 6),
(124, 65),
(125, 21),
(125, 65),
(126, 7),
(127, 97),
(128, 7),
(154, 73),
(155, 73),
(155, 75),
(156, 73),
(157, 73),
(158, 242),
(172, 33),
(172, 117),
(173, 85),
(176, 33),
(176, 85),
(177, 7),
(180, 18),
(180, 117),
(181, 77),
(181, 104),
(182, 117),
(182, 211),
(191, 31),
(191, 231),
(195, 75),
(196, 17),
(196, 234),
(198, 68),
(198, 107),
(200, 107),
(200, 117),
(205, 34),
(205, 176),
(213, 117),
(215, 47),
(215, 97),
(219, 94),
(220, 59),
(220, 68),
(220, 75),
(222, 33),
(222, 117),
(223, 6),
(223, 68),
(224, 117),
(225, 107),
(225, 241),
(227, 47),
(227, 117),
(229, 107),
(229, 117),
(230, 33),
(230, 192),
(231, 68),
(232, 33),
(232, 76),
(235, 31),
(235, 242),
(237, 161),
(238, 107),
(238, 161),
(239, 231),
(243, 31),
(243, 49),
(244, 231),
(245, 145),
(250, 75),
(251, 47),
(251, 234),
(252, 117),
(254, 6),
(254, 68),
(255, 68);

-- --------------------------------------------------------

--
-- Estructura de tabla para la tabla `comentarios`
--

DROP TABLE IF EXISTS `comentarios`;
CREATE TABLE `comentarios` (
  `id` int(11) NOT NULL,
  `id_comentado` int(11) NOT NULL,
  `id_comentador` int(11) NOT NULL,
  `fecha_comentario` date NOT NULL,
  `comentario` text NOT NULL,
  `valoracion` int(11) NOT NULL CHECK (`valoracion` between 0 and 5)
) ENGINE=InnoDB DEFAULT CHARSET=utf8mb4 COLLATE=utf8mb4_general_ci;

--
-- Volcado de datos para la tabla `comentarios`
--

INSERT INTO `comentarios` (`id`, `id_comentado`, `id_comentador`, `fecha_comentario`, `comentario`, `valoracion`) VALUES
(1, 20, 1, '2025-05-18', 'Fué amable y la carta vino en buen estado', 5),
(2, 20, 1, '2025-05-18', 'Fué amable y la carta vino en buen estado', 5),
(3, 19, 1, '2025-05-18', 'Fue bueno', 4),
(4, 3, 1, '2025-05-18', 'malo', 1),
(5, 19, 1, '2025-05-21', 'la carta venia en mal estado', 2),
(6, 12, 1, '2025-05-21', 'no se presento al final', 1),
(7, 7, 1, '2025-05-21', 'Me intento regatear con un precio que no acordamos', 2),
(8, 20, 1, '2025-06-02', 'este vendedor me ha estafado, no comprarle', 2),
(9, 7, 1, '2025-06-02', 'ghfghfghfgh', 1);

-- --------------------------------------------------------

--
-- Estructura de tabla para la tabla `habilidades`
--

DROP TABLE IF EXISTS `habilidades`;
CREATE TABLE `habilidades` (
  `id` int(11) NOT NULL,
  `habilidad` varchar(50) NOT NULL
) ENGINE=InnoDB DEFAULT CHARSET=utf8mb4 COLLATE=utf8mb4_general_ci;

--
-- Volcado de datos para la tabla `habilidades`
--

INSERT INTO `habilidades` (`id`, `habilidad`) VALUES
(1, 'Alcance'),
(2, 'Arrollar'),
(3, 'Dañar dos Veces'),
(4, 'Dañar Primero'),
(5, 'Prisa'),
(6, 'Toque Mortal'),
(7, 'Vinculo Vital'),
(8, 'Volar'),
(9, 'Amenaza'),
(10, 'Antimalefício'),
(11, 'Defensor'),
(12, 'Destello'),
(13, 'Vigilancia'),
(14, 'Indestructible'),
(15, 'Destreza');

-- --------------------------------------------------------

--
-- Estructura de tabla para la tabla `mensajes`
--

DROP TABLE IF EXISTS `mensajes`;
CREATE TABLE `mensajes` (
  `id` int(11) NOT NULL,
  `id_emisor` int(11) NOT NULL,
  `id_receptor` int(11) NOT NULL,
  `mensaje` text NOT NULL,
  `fecha_envio` datetime DEFAULT current_timestamp()
) ENGINE=InnoDB DEFAULT CHARSET=utf8mb4 COLLATE=utf8mb4_general_ci;

--
-- Volcado de datos para la tabla `mensajes`
--

INSERT INTO `mensajes` (`id`, `id_emisor`, `id_receptor`, `mensaje`, `fecha_envio`) VALUES
(1, 1, 20, 'Hola, me gustaria hablar contigo', '2025-05-20 19:38:15'),
(2, 1, 20, 'Es sobre el precio de la carta', '2025-05-20 19:40:13'),
(3, 1, 20, 'Hola?', '2025-05-20 19:41:08'),
(4, 1, 20, 'prueba2', '2025-05-20 19:47:57'),
(5, 1, 20, 'prueba3', '2025-05-20 19:52:57'),
(6, 1, 20, 'prueba4', '2025-05-20 19:55:57'),
(7, 1, 20, 'no se', '2025-05-20 19:58:12'),
(8, 1, 20, 'gfdg', '2025-05-20 19:58:22'),
(9, 1, 20, 'gfdggg', '2025-05-20 20:03:08'),
(10, 1, 20, 'h', '2025-05-20 20:12:52'),
(11, 20, 1, 'de acuerdo', '2025-05-21 12:45:35'),
(12, 1, 20, 'donde nos vemos', '2025-05-21 13:17:39'),
(13, 1, 20, 'hola', '2025-06-02 17:24:52');

-- --------------------------------------------------------

--
-- Estructura de tabla para la tabla `tipo_carta`
--

DROP TABLE IF EXISTS `tipo_carta`;
CREATE TABLE `tipo_carta` (
  `id_habilidad` int(11) NOT NULL,
  `tipo` varchar(50) NOT NULL
) ENGINE=InnoDB DEFAULT CHARSET=utf8mb4 COLLATE=utf8mb4_general_ci;

--
-- Volcado de datos para la tabla `tipo_carta`
--

INSERT INTO `tipo_carta` (`id_habilidad`, `tipo`) VALUES
(1, 'Criatura'),
(2, 'Conjuro'),
(3, 'Instantáneo'),
(4, 'Encantamiento'),
(5, 'Artefacto'),
(6, 'Tierra'),
(7, 'PlanesWalker');

-- --------------------------------------------------------

--
-- Estructura de tabla para la tabla `tipo_criatura`
--

DROP TABLE IF EXISTS `tipo_criatura`;
CREATE TABLE `tipo_criatura` (
  `id` int(11) NOT NULL,
  `tipo_criatura_nombre` varchar(50) NOT NULL
) ENGINE=InnoDB DEFAULT CHARSET=utf8mb4 COLLATE=utf8mb4_general_ci;

--
-- Volcado de datos para la tabla `tipo_criatura`
--

INSERT INTO `tipo_criatura` (`id`, `tipo_criatura_nombre`) VALUES
(1, 'Abanderado'),
(2, 'Acorazado'),
(3, 'Adalid'),
(4, 'Alce'),
(5, 'Aliado'),
(6, 'Anciano'),
(7, 'Ángel'),
(8, 'Antílope'),
(9, 'Aparejador'),
(10, 'Aparición'),
(11, 'Araña'),
(12, 'Arconte'),
(13, 'Ardilla'),
(14, 'Arena'),
(15, 'Arpía'),
(16, 'Arquero'),
(17, 'Artífice'),
(18, 'Asesino'),
(19, 'Astilla'),
(20, 'Atog'),
(21, 'Avatar'),
(22, 'Ave'),
(23, 'Azra'),
(24, 'Babosa'),
(25, 'Ballena'),
(26, 'Bárbaro'),
(27, 'Basilisco'),
(28, 'Beeble'),
(29, 'Berserker'),
(30, 'Bestia'),
(31, 'Bribón'),
(32, 'Buey'),
(33, 'Caballero'),
(34, 'Caballo'),
(35, 'Cabra'),
(36, 'Cadáver'),
(37, 'Calamar'),
(38, 'Camárido'),
(39, 'Cambiahechizos'),
(40, 'Camello'),
(41, 'Cangrejo'),
(42, 'Caribú'),
(43, 'Cazador-nocturno'),
(44, 'Cefálido'),
(45, 'Centauro'),
(46, 'Chacal'),
(47, 'Chamán'),
(48, 'Cíclope'),
(49, 'Cieno'),
(50, 'Ciudadano'),
(51, 'Clérigo'),
(52, 'Cobarde'),
(53, 'Cocatriz'),
(54, 'Cocodrilo'),
(55, 'Conejo'),
(56, 'Consejero'),
(57, 'Constructo'),
(58, 'Dauti'),
(59, 'Deidad'),
(60, 'Demonio'),
(61, 'Desertor'),
(62, 'Destructor'),
(63, 'Diablillo'),
(64, 'Diablo'),
(65, 'Dinosaurio'),
(66, 'Djinn'),
(67, 'Draco'),
(68, 'Dragón'),
(69, 'Dríada'),
(70, 'Druida'),
(71, 'Efrit'),
(72, 'Ejército'),
(73, 'Eldrazi'),
(74, 'Elefante'),
(75, 'Elemental'),
(76, 'Elfo'),
(77, 'Enano'),
(78, 'Encarnación'),
(79, 'Engendro'),
(80, 'Escorpión'),
(81, 'Escultura'),
(82, 'Esfinge'),
(83, 'Espantapájaros'),
(84, 'Espectro'),
(85, 'Espíritu'),
(86, 'Esponja'),
(87, 'Esqueleto'),
(88, 'Estrella-de-mar'),
(89, 'Etergénito'),
(90, 'Explorador'),
(91, 'Extraño'),
(92, 'Felino'),
(93, 'Fénix'),
(94, 'Fragmentado'),
(95, 'Gárgola'),
(96, 'Germen'),
(97, 'Gigante'),
(98, 'Glotón'),
(99, 'Gnomo'),
(100, 'Gólem'),
(101, 'Gorgona'),
(102, 'Gremlin'),
(103, 'Grifo'),
(104, 'Guerrero'),
(105, 'Gusano'),
(106, 'Hada'),
(107, 'Hechicero'),
(108, 'Hidra'),
(109, 'Hiena'),
(110, 'Hipogrifo'),
(111, 'Hipopótamo'),
(112, 'Homárido'),
(113, 'Homúnculo'),
(114, 'Hongo'),
(115, 'Horror'),
(116, 'Huevo'),
(117, 'Humano'),
(118, 'Hurón'),
(119, 'Ilusión'),
(120, 'Infernal'),
(121, 'Insecto'),
(122, 'Jabalí'),
(123, 'Kavu'),
(124, 'Kirin'),
(125, 'Kithkin'),
(126, 'Kóbold'),
(127, 'Kor'),
(128, 'Kraken'),
(129, 'Lagarto'),
(130, 'Lamia'),
(131, 'Lammasu'),
(132, 'Leviatán'),
(133, 'Lhurgoyf'),
(134, 'Licántropo'),
(135, 'Lícido'),
(136, 'Lobo'),
(137, 'Magistrado'),
(138, 'Mangosta'),
(139, 'Mantícora'),
(140, 'Marta'),
(141, 'Masticore'),
(142, 'Medusa'),
(143, 'Mercenario'),
(144, 'Metabolizador'),
(145, 'Metamorfo'),
(146, 'Metathrán'),
(147, 'Minotauro'),
(148, 'Místico'),
(149, 'Monje'),
(150, 'Murciélago'),
(151, 'Muro'),
(152, 'Mutante'),
(153, 'Myr'),
(154, 'Naga'),
(155, 'Nautilo'),
(156, 'Nefilim'),
(157, 'Ninfa'),
(158, 'Ninja'),
(159, 'Noggle'),
(160, 'Nómada'),
(161, 'Ogro'),
(162, 'Ojo'),
(163, 'Operario'),
(164, 'Orbe'),
(165, 'Orco'),
(166, 'Orgg'),
(167, 'Oso'),
(168, 'Ostra'),
(169, 'Oufé'),
(170, 'Oveja'),
(171, 'Pangolín'),
(172, 'Pegaso'),
(173, 'Pentavita'),
(174, 'Perforador'),
(175, 'Perro'),
(176, 'Pesadilla'),
(177, 'Pez'),
(178, 'Phelddagrif'),
(179, 'Piloto'),
(180, 'Pirata'),
(181, 'Plaga'),
(182, 'Planta'),
(183, 'Polilla-titilante'),
(184, 'Portador'),
(185, 'Primate'),
(186, 'Prisma'),
(187, 'Pueblo-arbóreo'),
(188, 'Pueblo-lunar'),
(189, 'Pulpo'),
(190, 'Quimera'),
(191, 'Rana'),
(192, 'Rata'),
(193, 'Rebelde'),
(194, 'Reflejo'),
(195, 'Rinoceronte'),
(196, 'Saga'),
(197, 'Salamandra'),
(198, 'Samurái'),
(199, 'Sanguijuela'),
(200, 'Saprolín'),
(201, 'Sátiro'),
(202, 'Serpiente'),
(203, 'Servo'),
(204, 'Sicario'),
(205, 'Sierpe'),
(206, 'Siervo'),
(207, 'Simio'),
(208, 'Sirena'),
(209, 'Slit'),
(210, 'Superviviente'),
(211, 'Soldado'),
(212, 'Soltari'),
(213, 'Sombra'),
(214, 'Surrakar'),
(215, 'Talako'),
(216, 'Tejón'),
(217, 'Tenaza'),
(218, 'Tetravita'),
(219, 'Thrull'),
(220, 'Topo'),
(221, 'Tóptero'),
(222, 'Tortuga'),
(223, 'Traficante'),
(224, 'Trasgo'),
(225, 'Trisquelavita'),
(226, 'Tritón'),
(227, 'Trilobites'),
(228, 'Trol'),
(229, 'Unicornio'),
(230, 'Uro'),
(231, 'Vampiro'),
(232, 'Vástago'),
(233, 'Vedalken'),
(234, 'Viashino'),
(235, 'Víbora'),
(236, 'Vólver'),
(237, 'Wombat'),
(238, 'Yerbamala'),
(239, 'Yeti'),
(240, 'Zángano'),
(241, 'Zombie'),
(242, 'Zorro'),
(243, 'Zubera'),
(260, '0');

-- --------------------------------------------------------

--
-- Estructura de tabla para la tabla `usuarios`
--

DROP TABLE IF EXISTS `usuarios`;
CREATE TABLE `usuarios` (
  `id` int(11) NOT NULL,
  `nombre` varchar(100) NOT NULL,
  `correo` varchar(100) NOT NULL,
  `contraseña` varchar(255) NOT NULL,
  `moderador` tinyint(1) NOT NULL DEFAULT 0
) ENGINE=InnoDB DEFAULT CHARSET=utf8mb4 COLLATE=utf8mb4_general_ci;

--
-- Volcado de datos para la tabla `usuarios`
--

INSERT INTO `usuarios` (`id`, `nombre`, `correo`, `contraseña`, `moderador`) VALUES
(1, 'Hugo', 'hugobojmunoz2003@gmail.com', '$2y$10$krnJxplc0diynmQ.8UFl9uz07Y.F8ODPszqOhR8uu/V6yJYrPdbAq', 0),
(2, 'Hugo Moderador', 'modmagicportal@gmail.com', '$2y$10$srDziqsbWRIXkhDgmmsvJ.OZuja0ki2aWwyyNiKV4px5P/AE9yO9m', 1),
(3, 'Mateo Rivas', 'mateorivas@gmail.com', '$2y$10$iwdPKk/HDdzkDLDRTM1FS.Vzs/q8EPm8RdU1S0qKZ1KWUKJQMLAC2', 0),
(4, 'Valentina Mora', 'valentinamora@gmail.com', '$2y$10$AOJja1qLT993EIiqfxe/5.vPdDJE9CGrJNJfVCsstwIyXSaa5E5uu', 0),
(5, 'Tomás Delgado', 'tomásdelgado@gmail.com', '$2y$10$PdH7vEJ6WDTj4UMNpixs5eV36EstMVds/bZJi2HavUXTiw4NvbZXy', 0),
(6, 'Sofía Nieto', 'sofíanieto@gmail.com', '$2y$10$w/vmkyWErU7FzWDORE75ru4fwu9SN8TJSMSoZUxMgtePKiHnheA5u', 0),
(7, 'Leo Castillo', 'leocastillo@gmail.com', '$2y$10$hX6DasrDD0huqbEZETfQzOpsBToSd3.aeKBWUkCLmTlxzL1LaVhpW', 0),
(8, 'Isabela Cruz', 'isabelacruz@gmail.com', '$2y$10$wIltJDip2GpEfPx/f9t5ou9KjT3XkQPAgrIclS069grjzB5sUOoBa', 0),
(9, 'Gael Herrera', 'gaelherrera@gmail.com', '$2y$10$QrW2dRIhV4RjNyCPz3wBkeOgmusPye09jL5s6P2V09MgBjbCosnwu', 0),
(10, 'Camila Peña', 'camilapeña@gmail.com', '$2y$10$mxn1z3YArKT4ckn6FyNOouhrp6/x/L2SzoJe.42npu2a8TQFBE/ei', 0),
(11, 'Emilio Vargas', 'emiliovargas@gmail.com', '$2y$10$hgv4Sdr6NDevzhIg7qV4Ee40777WeQbIjYoazUOfxK0tp89UA9x86', 0),
(12, 'Martina Reyes', 'martinareyes@gmail.com', '$2y$10$.WKKtl34pIkD5u676seejOT00YUBlNG4Uug741QJhLlEtZg/P4Ane', 0),
(13, 'Lucas Navarro', 'lucasnavarro@gmail.com', '$2y$10$S6Ledq9bXEPcuamsbQ.tS.XborXWowB8WPSViFPKKGzizW6wj3.LK', 0),
(14, 'Emilia Solís', 'emiliasolís@gmail.com', '$2y$10$6ORDDZfU40t1XYIW4.MVoezj84hRpKXO/HgBS2Y73MRQz90AUOzHC', 0),
(15, 'Diego Lozano', 'diegolozano@gmail.com', '$2y$10$Gz59jdoaaezhNmHhegPKmOj1OxCLXm.Hc4ha/MxMmipvfG63/0eEe', 0),
(16, 'Renata Paredes', 'renataparedes@gmail.com', '$2y$10$HMFgOQr/gpx5EeVB4q6HPuXOADvgz5ut0pZblvqhoj4MaOksDisS6', 0),
(17, 'Thiago Fuentes', 'thiagofuentes@gmail.com', '$2y$10$KgszxrYfQFwb02exHHTSdeO3wjDtOxtLAJE6WPT74s/GjaaGZV3h2', 0),
(18, 'Alejandra Ibáñez', 'alejandraibáñez@gmail.com', '$2y$10$syvzasS1trnuBnkVHf9i2.TNmxDSI5Wli/u2PPT.LFW31w6W2wXAe', 0),
(19, 'David Bravo', 'davidbravo@gmail.com', '$2y$10$B6jGqVH5lfPNEqajHmMU7.nm2vGsOlAjuopj04iVNxxU3EE/NFLii', 0),
(20, 'Paulina Méndez', 'paulinaméndez@gmail.com', '$2y$10$kL08w5vrRamGW4ZZ9BKAA.QjP8LH722MO.jzuVB8HOdx65pZ0hOAi', 0);

-- --------------------------------------------------------

--
-- Estructura de tabla para la tabla `ventas`
--

DROP TABLE IF EXISTS `ventas`;
CREATE TABLE `ventas` (
  `id` int(11) NOT NULL,
  `id_vendedor` int(11) NOT NULL,
  `id_comprador` int(11) NOT NULL,
  `id_carta` int(11) NOT NULL,
  `fecha_compra` date NOT NULL,
  `precio` decimal(10,2) NOT NULL
) ENGINE=InnoDB DEFAULT CHARSET=utf8mb4 COLLATE=utf8mb4_general_ci;

--
-- Volcado de datos para la tabla `ventas`
--

INSERT INTO `ventas` (`id`, `id_vendedor`, `id_comprador`, `id_carta`, `fecha_compra`, `precio`) VALUES
(1, 3, 1, 2, '2025-05-12', 2.22),
(2, 3, 1, 2, '2025-05-12', 2.22),
(3, 2, 1, 1, '2025-05-12', 3.08),
(4, 2, 1, 1, '2025-05-12', 3.08),
(5, 20, 1, 1, '2025-05-12', 2.09),
(6, 4, 1, 3, '2025-05-12', 2.51),
(7, 5, 1, 3, '2025-05-12', 4.64),
(8, 19, 1, 6, '2025-05-13', 2.86),
(9, 19, 1, 124, '2025-05-13', 3.27),
(10, 8, 1, 8, '2025-05-21', 2.62),
(11, 12, 1, 8, '2025-05-21', 2.85),
(12, 7, 1, 31, '2025-05-21', 2.63),
(13, 3, 1, 2, '2025-06-02', 2.22);

--
-- Índices para tablas volcadas
--

--
-- Indices de la tabla `cartas`
--
ALTER TABLE `cartas`
  ADD PRIMARY KEY (`id`),
  ADD KEY `tipo_carta` (`tipo_carta`);

--
-- Indices de la tabla `cartas_en_venta`
--
ALTER TABLE `cartas_en_venta`
  ADD PRIMARY KEY (`id`),
  ADD KEY `id_carta` (`id_carta`),
  ADD KEY `id_vendedor` (`id_vendedor`);

--
-- Indices de la tabla `cartas_habilidades`
--
ALTER TABLE `cartas_habilidades`
  ADD PRIMARY KEY (`id_carta`,`id_habilidad`),
  ADD KEY `id_habilidad` (`id_habilidad`);

--
-- Indices de la tabla `cartas_tipos_criatura`
--
ALTER TABLE `cartas_tipos_criatura`
  ADD PRIMARY KEY (`id_carta`,`id_tipo_criatura`),
  ADD KEY `id_tipo_criatura` (`id_tipo_criatura`);

--
-- Indices de la tabla `comentarios`
--
ALTER TABLE `comentarios`
  ADD PRIMARY KEY (`id`),
  ADD KEY `id_comentado` (`id_comentado`),
  ADD KEY `id_comentador` (`id_comentador`);

--
-- Indices de la tabla `habilidades`
--
ALTER TABLE `habilidades`
  ADD PRIMARY KEY (`id`);

--
-- Indices de la tabla `mensajes`
--
ALTER TABLE `mensajes`
  ADD PRIMARY KEY (`id`),
  ADD KEY `id_emisor` (`id_emisor`),
  ADD KEY `id_receptor` (`id_receptor`);

--
-- Indices de la tabla `tipo_carta`
--
ALTER TABLE `tipo_carta`
  ADD PRIMARY KEY (`id_habilidad`);

--
-- Indices de la tabla `tipo_criatura`
--
ALTER TABLE `tipo_criatura`
  ADD PRIMARY KEY (`id`);

--
-- Indices de la tabla `usuarios`
--
ALTER TABLE `usuarios`
  ADD PRIMARY KEY (`id`);

--
-- Indices de la tabla `ventas`
--
ALTER TABLE `ventas`
  ADD PRIMARY KEY (`id`),
  ADD KEY `id_vendedor` (`id_vendedor`),
  ADD KEY `id_comprador` (`id_comprador`),
  ADD KEY `id_carta` (`id_carta`);

--
-- AUTO_INCREMENT de las tablas volcadas
--

--
-- AUTO_INCREMENT de la tabla `cartas`
--
ALTER TABLE `cartas`
  MODIFY `id` int(11) NOT NULL AUTO_INCREMENT, AUTO_INCREMENT=261;

--
-- AUTO_INCREMENT de la tabla `cartas_en_venta`
--
ALTER TABLE `cartas_en_venta`
  MODIFY `id` int(11) NOT NULL AUTO_INCREMENT, AUTO_INCREMENT=4849;

--
-- AUTO_INCREMENT de la tabla `comentarios`
--
ALTER TABLE `comentarios`
  MODIFY `id` int(11) NOT NULL AUTO_INCREMENT, AUTO_INCREMENT=10;

--
-- AUTO_INCREMENT de la tabla `habilidades`
--
ALTER TABLE `habilidades`
  MODIFY `id` int(11) NOT NULL AUTO_INCREMENT, AUTO_INCREMENT=16;

--
-- AUTO_INCREMENT de la tabla `mensajes`
--
ALTER TABLE `mensajes`
  MODIFY `id` int(11) NOT NULL AUTO_INCREMENT, AUTO_INCREMENT=14;

--
-- AUTO_INCREMENT de la tabla `tipo_carta`
--
ALTER TABLE `tipo_carta`
  MODIFY `id_habilidad` int(11) NOT NULL AUTO_INCREMENT, AUTO_INCREMENT=8;

--
-- AUTO_INCREMENT de la tabla `tipo_criatura`
--
ALTER TABLE `tipo_criatura`
  MODIFY `id` int(11) NOT NULL AUTO_INCREMENT, AUTO_INCREMENT=261;

--
-- AUTO_INCREMENT de la tabla `usuarios`
--
ALTER TABLE `usuarios`
  MODIFY `id` int(11) NOT NULL AUTO_INCREMENT, AUTO_INCREMENT=24;

--
-- AUTO_INCREMENT de la tabla `ventas`
--
ALTER TABLE `ventas`
  MODIFY `id` int(11) NOT NULL AUTO_INCREMENT, AUTO_INCREMENT=14;

--
-- Restricciones para tablas volcadas
--

--
-- Filtros para la tabla `cartas`
--
ALTER TABLE `cartas`
  ADD CONSTRAINT `cartas_ibfk_1` FOREIGN KEY (`tipo_carta`) REFERENCES `tipo_carta` (`id_habilidad`) ON DELETE CASCADE ON UPDATE CASCADE;

--
-- Filtros para la tabla `cartas_en_venta`
--
ALTER TABLE `cartas_en_venta`
  ADD CONSTRAINT `cartas_en_venta_ibfk_1` FOREIGN KEY (`id_carta`) REFERENCES `cartas` (`id`) ON DELETE CASCADE ON UPDATE CASCADE,
  ADD CONSTRAINT `cartas_en_venta_ibfk_2` FOREIGN KEY (`id_vendedor`) REFERENCES `usuarios` (`id`);

--
-- Filtros para la tabla `cartas_habilidades`
--
ALTER TABLE `cartas_habilidades`
  ADD CONSTRAINT `cartas_habilidades_ibfk_1` FOREIGN KEY (`id_carta`) REFERENCES `cartas` (`id`) ON DELETE CASCADE ON UPDATE CASCADE,
  ADD CONSTRAINT `cartas_habilidades_ibfk_2` FOREIGN KEY (`id_habilidad`) REFERENCES `habilidades` (`id`) ON DELETE CASCADE ON UPDATE CASCADE;

--
-- Filtros para la tabla `cartas_tipos_criatura`
--
ALTER TABLE `cartas_tipos_criatura`
  ADD CONSTRAINT `cartas_tipos_criatura_ibfk_1` FOREIGN KEY (`id_carta`) REFERENCES `cartas` (`id`) ON DELETE CASCADE ON UPDATE CASCADE,
  ADD CONSTRAINT `cartas_tipos_criatura_ibfk_2` FOREIGN KEY (`id_tipo_criatura`) REFERENCES `tipo_criatura` (`id`) ON DELETE CASCADE ON UPDATE CASCADE;

--
-- Filtros para la tabla `comentarios`
--
ALTER TABLE `comentarios`
  ADD CONSTRAINT `comentarios_ibfk_1` FOREIGN KEY (`id_comentado`) REFERENCES `usuarios` (`id`) ON UPDATE CASCADE,
  ADD CONSTRAINT `comentarios_ibfk_2` FOREIGN KEY (`id_comentador`) REFERENCES `usuarios` (`id`) ON UPDATE CASCADE;

--
-- Filtros para la tabla `mensajes`
--
ALTER TABLE `mensajes`
  ADD CONSTRAINT `mensajes_ibfk_1` FOREIGN KEY (`id_emisor`) REFERENCES `usuarios` (`id`),
  ADD CONSTRAINT `mensajes_ibfk_2` FOREIGN KEY (`id_receptor`) REFERENCES `usuarios` (`id`);

--
-- Filtros para la tabla `ventas`
--
ALTER TABLE `ventas`
  ADD CONSTRAINT `ventas_ibfk_1` FOREIGN KEY (`id_vendedor`) REFERENCES `usuarios` (`id`) ON UPDATE CASCADE,
  ADD CONSTRAINT `ventas_ibfk_2` FOREIGN KEY (`id_comprador`) REFERENCES `usuarios` (`id`) ON UPDATE CASCADE,
  ADD CONSTRAINT `ventas_ibfk_3` FOREIGN KEY (`id_carta`) REFERENCES `cartas` (`id`) ON UPDATE CASCADE;
COMMIT;

/*!40101 SET CHARACTER_SET_CLIENT=@OLD_CHARACTER_SET_CLIENT */;
/*!40101 SET CHARACTER_SET_RESULTS=@OLD_CHARACTER_SET_RESULTS */;
/*!40101 SET COLLATION_CONNECTION=@OLD_COLLATION_CONNECTION */;
