-- phpMyAdmin SQL Dump
-- version 5.2.1
-- https://www.phpmyadmin.net/
--
-- Servidor: 127.0.0.1
-- Tiempo de generación: 30-04-2025 a las 18:03:34
-- Versión del servidor: 10.4.32-MariaDB
-- Versión de PHP: 8.2.12

SET SQL_MODE = "NO_AUTO_VALUE_ON_ZERO";
START TRANSACTION;
SET time_zone = "+00:00";


/*!40101 SET @OLD_CHARACTER_SET_CLIENT=@@CHARACTER_SET_CLIENT */;
/*!40101 SET @OLD_CHARACTER_SET_RESULTS=@@CHARACTER_SET_RESULTS */;
/*!40101 SET @OLD_COLLATION_CONNECTION=@@COLLATION_CONNECTION */;
/*!40101 SET NAMES utf8mb4 */;

--
-- Base de datos: `magic_portal`
--

-- --------------------------------------------------------

--
-- Estructura de tabla para la tabla `cartas`
--

DROP TABLE IF EXISTS `cartas`;
CREATE TABLE `cartas` (
  `id` int(11) NOT NULL,
  `nombre` varchar(50) NOT NULL,
  `mana_rojo` int(11) NOT NULL DEFAULT 0,
  `mana_azul` int(11) NOT NULL DEFAULT 0,
  `mana_verde` int(11) NOT NULL DEFAULT 0,
  `mana_negro` int(11) NOT NULL DEFAULT 0,
  `mana_blanco` int(11) NOT NULL DEFAULT 0,
  `mana_neutro` int(11) NOT NULL DEFAULT 0,
  `tipo_carta` int(11) NOT NULL,
  `legendaria` tinyint(4) NOT NULL DEFAULT 0,
  `ataque` int(11) DEFAULT NULL,
  `defensa` int(11) DEFAULT NULL,
  `img` varchar(255) NOT NULL
) ENGINE=InnoDB DEFAULT CHARSET=utf8mb4 COLLATE=utf8mb4_general_ci;

--
-- Volcado de datos para la tabla `cartas`
--

INSERT INTO `cartas` (`id`, `nombre`, `mana_rojo`, `mana_azul`, `mana_verde`, `mana_negro`, `mana_blanco`, `mana_neutro`, `tipo_carta`, `legendaria`, `ataque`, `defensa`, `img`) VALUES
(1, 'Garth el Tuerto', 1, 1, 1, 1, 1, 0, 1, 1, 5, 5, 'mh2-197-garth-one-eye.jpg'),
(2, 'Marina Vendrell', 1, 1, 1, 1, 1, 0, 1, 1, 3, 5, 'dsk-221-marina-vendrell.jpg'),
(3, 'Santuario de todos', 1, 1, 1, 1, 1, 0, 4, 1, NULL, NULL, 'm21-225-sanctum-of-all.jpg'),
(4, 'Reminiscencia ancestral', 0, 1, 0, 0, 0, 3, 2, 0, NULL, NULL, 'lci-45-ancestral-reminiscence.jpg'),
(5, 'Reto arcano', 0, 2, 0, 0, 0, 5, 2, 0, NULL, NULL, 'afc-14-arcane-endeavor.jpg'),
(6, 'Atraco arcano', 0, 2, 0, 0, 0, 2, 2, 0, NULL, NULL, 'otc-13-arcane-heist.jpg'),
(7, 'Pericia de Baral', 0, 2, 0, 0, 0, 3, 2, 0, NULL, NULL, 'otc-91-baral-s-expertise.jpg'),
(8, 'Vínculo de Perspicacia', 0, 1, 0, 0, 0, 3, 2, 0, NULL, NULL, 'war-43-bond-of-insight.jpg'),
(9, 'Hechicera de mente extraña', 0, 1, 0, 0, 0, 4, 1, 0, 3, 4, 'afr-44-aberrant-mind-sorcerer.jpg'),
(10, 'Ojo aberrante', 0, 1, 0, 0, 0, 2, 1, 0, 5, 5, 'dsk-42-abhorrent-oculus.jpg'),
(11, 'Draco de la Academia', 0, 1, 0, 0, 0, 2, 1, 0, 2, 2, 'dom-40-academy-drake.jpg'),
(12, 'Aeromiba', 0, 1, 0, 0, 0, 3, 1, 0, 2, 4, 'mh2-37-aeromoeba.jpg'),
(13, 'Eterplasma', 0, 2, 0, 0, 0, 2, 1, 0, 1, 1, 'rvr-34-aetherplasm.jpg'),
(14, 'Ráfaga de éter', 0, 1, 0, 0, 0, 1, 3, 0, NULL, NULL, 'm20-42-aether-gust.jpg'),
(15, 'Descarga de éter', 0, 1, 0, 0, 0, 1, 3, 0, NULL, NULL, 'mh3-50-aether-spike.jpg'),
(16, 'Confundir', 0, 1, 0, 0, 0, 2, 3, 0, NULL, NULL, 'm20-47-befuddle.jpg'),
(17, 'Perspicacia de la quimista', 0, 1, 0, 0, 0, 3, 3, 0, NULL, NULL, 'c20-108-chemister-s-insight.jpg'),
(18, 'Código de represión', 0, 1, 0, 0, 0, 2, 3, 0, NULL, NULL, 'rna-35-code-of-constraint.jpg'),
(19, 'Aguacero anfibio', 0, 1, 0, 0, 0, 2, 4, 0, NULL, NULL, 'mh3-51-amphibian-downpour.jpg'),
(20, 'Forma acuosa', 0, 1, 0, 0, 0, 0, 4, 0, NULL, NULL, 'cmr-56-aqueous-form.jpg'),
(21, 'Amnesia de Ashiok', 0, 2, 0, 0, 0, 2, 4, 0, NULL, NULL, 'thb-43-ashiok-s-erasure.jpg'),
(22, 'Piratería costera', 0, 2, 0, 0, 0, 2, 4, 0, NULL, NULL, 'acr-84-coastal-piracy.jpg'),
(23, 'Encantamiento copia', 0, 1, 0, 0, 0, 2, 4, 0, NULL, NULL, 'rvr-39-copy-enchantment.jpg'),
(24, 'Guantelete de Asesino', 0, 1, 0, 0, 0, 2, 5, 0, NULL, NULL, 'acr-12-assassin-gauntlet.jpg'),
(25, 'Candelero', 0, 1, 0, 0, 0, 0, 5, 0, NULL, NULL, 'mkm-43-candlestick.jpg'),
(26, 'Calavera de cristal, catalejo Isu', 0, 2, 0, 0, 0, 2, 5, 1, NULL, NULL, 'acr-15-crystal-skull-isu-spyglass.jpg'),
(27, 'Puerta rompecabezas de Orazca', 0, 1, 0, 0, 0, 0, 5, 0, NULL, NULL, 'lci-68-orazca-puzzle-door.jpg'),
(28, 'Vara de la absorción', 0, 1, 0, 0, 0, 2, 5, 0, NULL, NULL, 'afc-19-rod-of-absorption.jpg'),
(29, 'Jace, náufrago astuto', 0, 2, 0, 0, 0, 1, 7, 1, NULL, NULL, 'xln-60-jace-cunning-castaway.jpg'),
(30, 'Jace, resucitado', 0, 2, 0, 0, 0, 0, 7, 1, NULL, NULL, 'otj-271-jace-reawakened.jpg'),
(31, 'Jace, mago reflejado', 0, 2, 0, 0, 0, 1, 7, 1, NULL, NULL, 'znr-63-jace-mirror-mage.jpg'),
(32, 'Mu Yanling, Viento Celestial', 0, 2, 0, 0, 0, 4, 7, 1, NULL, NULL, 'm20-286-mu-yanling-celestial-wind.jpg'),
(33, 'Teferi, Maestro del Tiempo', 0, 2, 0, 0, 0, 2, 7, 1, NULL, NULL, 'm21-75-teferi-master-of-time.jpg'),
(34, 'Akroma, ángel de furia', 3, 0, 0, 0, 0, 5, 1, 1, 6, 6, 'tsr-150-akroma-angel-of-fury.jpg'),
(35, 'Infernal tectónico', 2, 0, 0, 0, 0, 5, 1, 0, 8, 5, 'c19-29-tectonic-hellion.jpg'),
(36, 'Venganza acechante', 2, 0, 0, 0, 0, 5, 1, 0, 5, 5, 'rvr-126-stalking-vengeance.jpg'),
(37, 'Devastasantuarios', 2, 0, 0, 0, 0, 4, 1, 0, 6, 4, 'iko-135-sanctuary-smasher.jpg'),
(38, 'Celebrantes salvajes', 2, 0, 0, 0, 0, 3, 1, 0, 5, 3, 'cmr-212-wild-celebrants.jpg'),
(39, 'Saludo del alquimista', 1, 0, 0, 0, 0, 4, 2, 0, NULL, NULL, 'c19-133-alchemist-s-greeting.jpg'),
(40, 'Estragos de Anzrag', 2, 0, 0, 0, 0, 3, 2, 0, NULL, NULL, 'mkm-111-anzrag-s-rampage.jpg'),
(41, 'Cúspide del poder', 3, 0, 0, 0, 0, 7, 2, 0, NULL, NULL, 'afc-114-apex-of-power.jpg'),
(42, 'Cuchilla arqueada', 2, 0, 0, 0, 0, 3, 2, 0, NULL, NULL, 'tsr-152-arc-blade.jpg'),
(43, 'Vínculo de pasión', 2, 0, 0, 0, 0, 4, 2, 0, NULL, NULL, 'war-116-bond-of-passion.jpg'),
(44, 'Agravio antiguo', 1, 0, 0, 0, 0, 1, 3, 0, NULL, NULL, 'tsr-151-ancient-grudge.jpg'),
(45, 'Frenesí de berserker', 1, 0, 0, 0, 0, 2, 3, 0, NULL, NULL, 'afc-29-berserker-s-frenzy.jpg'),
(46, 'Trato del traidor', 1, 0, 0, 0, 0, 1, 3, 0, NULL, NULL, 'dsk-126-betrayer-s-bargain.jpg'),
(47, 'Hacerse de oro', 1, 0, 0, 0, 0, 3, 3, 0, NULL, NULL, 'blc-193-big-score.jpg'),
(48, 'Picado de la Rapaz del Trueno', 1, 0, 0, 0, 0, 1, 3, 0, NULL, NULL, 'iko-109-blitz-of-the-thunder-raptor.jpg'),
(49, 'Revuelta del éter', 2, 0, 0, 0, 0, 2, 4, 0, NULL, NULL, 'mh3-113-aether-revolt.jpg'),
(50, 'Luna alpina', 1, 0, 0, 0, 0, 0, 4, 0, NULL, NULL, 'm19-128-alpine-moon.jpg'),
(51, 'Bombardeo arcano', 2, 0, 0, 0, 0, 4, 4, 0, NULL, NULL, 'otc-154-arcane-bombardment.jpg'),
(52, 'Aria de la llama', 1, 0, 0, 0, 0, 2, 4, 0, NULL, NULL, 'mh1-118-aria-of-flame.jpg'),
(53, 'Embestida de berserkers', 2, 0, 0, 0, 0, 3, 4, 0, NULL, NULL, 'blc-192-berserkers-onslaught.jpg'),
(54, 'Acerosolar ardiente', 1, 0, 0, 0, 0, 1, 5, 0, NULL, NULL, 'cmr-364-blazing-sunsteel.jpg'),
(55, 'Motosierra', 1, 0, 0, 0, 0, 1, 5, 0, NULL, NULL, 'dsk-128-chainsaw.jpg'),
(56, 'Regulador de Chandra', 1, 0, 0, 0, 0, 1, 5, 1, NULL, NULL, 'm20-131-chandra-s-regulator.jpg'),
(57, 'Espejo maldito', 1, 0, 0, 0, 0, 2, 5, 0, NULL, NULL, 'mh3-279-cursed-mirror.jpg'),
(58, 'Percusionista mecánico', 1, 0, 0, 0, 0, 0, 5, 0, NULL, NULL, 'dsk-130-clockwork-percussionist.jpg'),
(59, 'Jaya, piromante venerada', 1, 0, 0, 0, 0, 4, 7, 1, NULL, NULL, 'war-135-jaya-venerated-firemage.jpg'),
(60, 'Lukka, paria de las Capas de Cobre', 2, 0, 0, 0, 0, 3, 7, 1, NULL, NULL, 'iko-125-lukka-coppercoat-outcast.jpg'),
(61, 'Jeska, renacida tres veces', 1, 0, 0, 0, 0, 2, 7, 1, NULL, NULL, 'cmr-186-jeska-thrice-reborn.jpg'),
(62, 'Zariel, archiduquesa de Averno', 2, 0, 0, 0, 0, 2, 7, 1, NULL, NULL, 'afr-172-zariel-archduke-of-avernus.jpg'),
(63, 'Chandra, acólita de la llama', 2, 0, 0, 0, 0, 1, 7, 1, NULL, NULL, 'm20-126-chandra-acolyte-of-flame.jpg'),
(64, 'Aeve, cieno progenitor', 0, 0, 3, 0, 0, 2, 1, 1, 2, 2, 'mh2-148-aeve-progenitor-ooze.jpg'),
(65, 'Analista de consecuencias', 0, 0, 1, 0, 0, 1, 1, 0, 1, 3, 'mkm-148-aftermath-analyst.jpg'),
(66, 'Sobreviviente ainok', 0, 0, 1, 0, 0, 1, 1, 0, 2, 1, 'c19-156-ainok-survivalist.jpg'),
(67, 'Víbora emboscadora', 0, 0, 1, 0, 0, 1, 1, 0, 2, 1, 'cmr-213-ambush-viper.jpg'),
(68, 'Yerbamala poderosa', 0, 0, 1, 0, 0, 0, 1, 0, 1, 1, 'iko-143-almighty-brushwagg.jpg'),
(69, 'Analizar el polen', 0, 0, 1, 0, 0, 0, 2, 0, NULL, NULL, 'mkm-150-analyze-the-pollen.jpg'),
(70, 'Audiencia con Trostani', 0, 0, 1, 0, 0, 2, 2, 0, NULL, NULL, 'mkm-152-audience-with-trostani.jpg'),
(71, 'Mordisco justiciero', 0, 0, 1, 0, 0, 3, 2, 0, NULL, NULL, 'mkm-154-bite-down-on-crime.jpg'),
(72, 'Carga de la Bestia Infinita', 0, 0, 1, 0, 0, 2, 2, 0, NULL, NULL, 'iko-147-charge-of-the-forever-beast.jpg'),
(73, 'Maravillas antiguas', 0, 0, 2, 0, 0, 0, 2, 0, NULL, NULL, 'lcc-89-bygone-marvels.jpg'),
(74, 'Decreto de salvajismo', 0, 0, 2, 0, 0, 7, 3, 0, NULL, NULL, 'afc-156-decree-of-savagery.jpg'),
(75, 'Invocaciones de la estirpe', 0, 0, 2, 0, 0, 5, 3, 0, NULL, NULL, 'afc-163-kindred-summons.jpg'),
(76, 'Recompensa de poder', 0, 0, 2, 0, 0, 4, 3, 0, NULL, NULL, 'grn-124-bounty-of-might.jpg'),
(77, 'Regreso del Portavoz Salvaje', 0, 0, 1, 0, 0, 4, 3, 0, NULL, NULL, 'otc-203-return-of-the-wildspeaker.jpg'),
(78, 'Rebaño curioso', 0, 0, 1, 0, 0, 3, 3, 0, NULL, NULL, 'c20-59-curious-herd.jpg'),
(79, 'Un asesino entre nosotros', 0, 0, 1, 0, 0, 4, 4, 0, NULL, NULL, 'mkm-167-a-killer-among-us.jpg'),
(80, 'Coartada perfecta', 0, 0, 1, 0, 0, 2, 4, 0, NULL, NULL, 'mkm-149-airtight-alibi.jpg'),
(81, 'Ascenso del domador', 0, 0, 1, 0, 0, 2, 4, 0, NULL, NULL, 'blc-118-beastmaster-ascension.jpg'),
(82, 'Ritual de nacimiento', 0, 0, 1, 0, 0, 1, 4, 0, NULL, NULL, 'mh3-146-birthing-ritual.jpg'),
(83, 'Influencia de Ayula', 0, 0, 3, 0, 0, 0, 4, 0, NULL, NULL, 'mh1-156-ayula-s-influence.jpg'),
(84, 'Cornucopia antigua', 0, 0, 1, 0, 0, 2, 5, 0, NULL, NULL, 'big-16-ancient-cornucopia.jpg'),
(85, 'Bolsa de trucos', 0, 0, 1, 0, 0, 1, 5, 0, NULL, NULL, 'afc-37-bag-of-tricks.jpg'),
(86, 'Llamacomida', 0, 0, 1, 0, 0, 2, 5, 0, NULL, NULL, 'blc-211-chitterspitter.jpg'),
(87, 'Alijo de explorador', 0, 0, 1, 0, 0, 1, 5, 0, NULL, NULL, 'lci-184-explorer-s-cache.jpg'),
(88, 'Guadaña malamet', 0, 0, 1, 0, 0, 2, 5, 0, NULL, NULL, 'lci-200-malamet-scythe.jpg'),
(89, 'Ellywick Rasguereta', 0, 0, 2, 0, 0, 2, 7, 1, NULL, NULL, 'afr-181-ellywick-tumblestrum.jpg'),
(90, 'Garruk, desatado', 0, 0, 2, 0, 0, 2, 7, 1, NULL, NULL, 'm21-183-garruk-unleashed.jpg'),
(91, 'Vivien, Exploradora del Animarco', 0, 0, 3, 0, 0, 1, 7, 1, NULL, NULL, 'm20-199-vivien-arkbow-ranger.jpg'),
(92, 'Vivien, defensora de los monstruos', 0, 0, 2, 0, 0, 3, 7, 1, NULL, NULL, 'iko-175-vivien-monsters-advocate.jpg'),
(93, 'Nissa, la que Sacude el Mundo', 0, 0, 3, 0, 0, 2, 7, 1, NULL, NULL, 'war-169-nissa-who-shakes-the-world.jpg'),
(94, 'Rastreacrúor abismal', 0, 0, 0, 2, 0, 4, 1, 0, 6, 6, 'lci-87-abyssal-gorestalker.jpg'),
(95, 'Espectro abismal', 0, 0, 0, 2, 0, 2, 1, 0, 2, 3, 'ps11-60-abyssal-specter.jpg'),
(96, 'Acererak, el Archiliche', 0, 0, 0, 1, 0, 2, 1, 1, 5, 5, 'afr-87-acererak-the-archlich.jpg'),
(97, 'Aclazotz, Traición Primigenia', 0, 0, 0, 2, 0, 3, 1, 1, 4, 4, 'lci-88-aclazotz-deepest-betrayal.jpg'),
(98, 'Gigápodo emboscador', 0, 0, 0, 2, 0, 4, 1, 0, 6, 2, 'otj-77-ambush-gigapede.jpg'),
(99, 'Ayudar a los caídos', 0, 0, 0, 1, 0, 1, 2, 0, NULL, NULL, 'war-76-aid-the-fallen.jpg'),
(100, 'Dragado de Afetto', 0, 0, 0, 1, 0, 3, 2, 0, NULL, NULL, 'psal-D40-aphetto-dredging.jpg'),
(101, 'Asesinar', 0, 0, 0, 1, 0, 2, 2, 0, NULL, NULL, 'tsr-101-assassinate.jpg'),
(102, 'Despertar a los Arcaicos', 0, 0, 0, 2, 0, 3, 2, 0, NULL, NULL, 'rna-61-awaken-the-erstwhile.jpg'),
(103, 'Faro de desasosiego', 0, 0, 0, 2, 0, 3, 2, 0, NULL, NULL, 'c19-105-beacon-of-unrest.jpg'),
(104, 'Resistencia anormal', 0, 0, 0, 1, 0, 1, 3, 0, NULL, NULL, 'm19-85-abnormal-endurance.jpg'),
(105, 'Bendición de Belzenlok', 0, 0, 0, 1, 0, 0, 3, 0, NULL, NULL, 'dom-77-blessing-of-belzenlok.jpg'),
(106, 'Aferrarse al polvo', 0, 0, 0, 1, 0, 0, 3, 0, NULL, NULL, 'thb-87-cling-to-dust.jpg'),
(107, 'Convicción corrupta', 0, 0, 0, 1, 0, 0, 3, 0, NULL, NULL, 'otj-84-corrupted-conviction.jpg'),
(108, 'Ráfaga oscura', 0, 0, 0, 1, 0, 0, 3, 0, NULL, NULL, 'gk1-51-darkblast.jpg'),
(109, 'Aspecto de lamprea', 0, 0, 0, 1, 0, 3, 4, 0, NULL, NULL, 'thb-85-aspect-of-lamprey.jpg'),
(110, 'Contactos en el mercado negro', 0, 0, 0, 1, 0, 2, 4, 0, NULL, NULL, 'acr-87-black-market-connections.jpg'),
(111, 'Canonizar con sangre', 0, 0, 0, 1, 0, 1, 4, 0, NULL, NULL, 'lci-96-canonized-in-blood.jpg'),
(112, 'Pesadilla ctónica', 0, 0, 0, 1, 0, 1, 4, 0, NULL, NULL, 'mh3-83-chthonian-nightmare.jpg'),
(113, 'Conspiración', 0, 0, 0, 2, 0, 3, 4, 0, NULL, NULL, 'acr-88-conspiracy.jpg'),
(114, 'Bolsa devoradora', 0, 0, 0, 1, 0, 0, 5, 0, NULL, NULL, 'afc-21-bag-of-devouring.jpg'),
(115, 'Mangual de espinas sangrientas', 0, 0, 0, 1, 0, 0, 5, 0, NULL, NULL, 'lci-93-bloodthorn-flail.jpg'),
(116, 'Ciudadela de Nicol Bolas', 0, 0, 0, 3, 0, 3, 5, 1, NULL, NULL, 'war-79-bolas-s-citadel.jpg'),
(117, 'Garraescoria', 0, 0, 0, 1, 0, 1, 5, 0, NULL, NULL, 'mh3-89-drossclaw.jpg'),
(118, 'Corazón de cristal', 0, 0, 0, 1, 0, 2, 5, 0, NULL, NULL, 'lcc-199-glass-cast-heart.jpg'),
(119, 'Davriel, magosombra renegado', 0, 0, 0, 1, 0, 2, 7, 1, NULL, NULL, 'war-83-davriel-rogue-shadowmage.jpg'),
(120, 'Liliana, a salvo de la muerte', 0, 0, 0, 2, 0, 2, 7, 1, NULL, NULL, 'm19-106-liliana-untouched-by-death.jpg'),
(121, 'Lolth, la Reina Araña', 0, 0, 0, 2, 0, 3, 7, 1, NULL, NULL, 'afr-112-lolth-spider-queen.jpg'),
(122, 'Sorin, señor sangriento altivo', 0, 0, 0, 1, 0, 2, 7, 1, NULL, NULL, 'm20-115-sorin-imperious-bloodlord.jpg'),
(123, 'Sorin, señor vampiro', 0, 0, 0, 2, 0, 4, 7, 1, NULL, NULL, 'm20-290-sorin-vampire-lord.jpg'),
(124, 'Zetalpa, la Aurora Primigenia', 0, 0, 0, 0, 2, 6, 1, 1, 4, 8, 'lcc-141-zetalpa-primal-dawn.jpg'),
(125, 'Avatar del Sol Albo', 0, 0, 0, 0, 3, 5, 1, 0, 7, 7, 'lcc-139-wakening-sun-s-avatar.jpg'),
(126, 'Akroma, visión de Íxidor', 0, 0, 0, 0, 2, 5, 1, 1, 6, 6, 'cmr-2-akroma-vision-of-ixidor.jpg'),
(127, 'Gigante de marfil', 0, 0, 0, 0, 2, 5, 1, 0, 3, 4, 'tsr-20-ivory-giant.jpg'),
(128, 'Solar radiante', 0, 0, 0, 0, 1, 5, 1, 0, 3, 6, 'afc-9-radiant-solar.jpg'),
(129, 'Mano amiga', 0, 0, 0, 0, 1, 0, 2, 0, NULL, NULL, 'lci-17-helping-hand.jpg'),
(130, 'Calambre reanimador', 0, 0, 0, 0, 1, 0, 2, 0, NULL, NULL, 'mh3-33-jolted-awake.jpg'),
(131, 'Incursión de requisición', 0, 0, 0, 0, 1, 0, 2, 0, NULL, NULL, 'otj-26-requisition-raid.jpg'),
(132, 'De un bocado', 0, 0, 0, 0, 1, 0, 2, 0, NULL, NULL, 'iko-35-swallow-whole.jpg'),
(133, 'Decreto de devoción', 0, 0, 0, 0, 1, 1, 2, 0, NULL, NULL, 'm20-13-devout-decree.jpg'),
(134, 'Égida de los cielos', 0, 0, 0, 0, 1, 1, 3, 0, NULL, NULL, 'm19-1-aegis-of-the-heavens.jpg'),
(135, 'Voluntad de Akroma', 0, 0, 0, 0, 1, 3, 3, 0, NULL, NULL, 'lcc-125-akroma-s-will.jpg'),
(136, 'Asalto de grupo', 0, 0, 0, 0, 1, 2, 3, 0, NULL, NULL, 'znr-1-allied-assault.jpg'),
(137, 'Fervor del encarcelador', 0, 0, 0, 0, 1, 0, 3, 0, NULL, NULL, 'rvr-4-arrester-s-zeal.jpg'),
(138, 'Gracia del ángel', 0, 0, 0, 0, 1, 0, 3, 0, NULL, NULL, 'tsr-4-angel-s-grace.jpg'),
(139, 'Gracia duradera', 0, 0, 0, 0, 1, 2, 4, 0, NULL, NULL, 'mh2-1-abiding-grace.jpg'),
(140, 'Último esfuerzo de Ajani', 0, 0, 0, 0, 2, 2, 4, 0, NULL, NULL, 'm19-4-ajani-s-last-stand.jpg'),
(141, 'Exaltación angélica', 0, 0, 0, 0, 1, 3, 4, 0, NULL, NULL, 'rvr-2-angelic-exaltation.jpg'),
(142, 'Plegarias escuchadas', 0, 0, 0, 0, 2, 1, 4, 0, NULL, NULL, 'mh1-2-answered-prayers.jpg'),
(143, 'Recibimiento de Ajani', 0, 0, 0, 0, 1, 0, 4, 0, NULL, NULL, 'm19-6-ajani-s-welcome.jpg'),
(144, 'Mapa de arqueomante', 0, 0, 0, 0, 1, 2, 5, 0, NULL, NULL, 'lcc-101-archaeomancer-s-map.jpg'),
(145, 'Estrado argénteo', 0, 0, 0, 0, 1, 1, 5, 0, NULL, NULL, 'mh3-20-argent-dais.jpg'),
(146, 'Caduceo, vara de Hermes', 0, 0, 0, 0, 1, 2, 5, 1, NULL, NULL, 'acr-2-caduceus-staff-of-hermes.jpg'),
(147, 'Espadón seráfico', 0, 0, 0, 0, 1, 1, 5, 0, NULL, NULL, 'cmr-45-seraphic-greatsword.jpg'),
(148, 'Relicario de esencias', 0, 0, 0, 0, 1, 2, 5, 0, NULL, NULL, 'mh3-24-essence-reliquary.jpg'),
(149, 'Ajani, líder inspirador', 0, 0, 0, 0, 2, 4, 7, 1, NULL, NULL, 'm20-282-ajani-inspiring-leader.jpg'),
(150, 'Basri Ketr', 0, 0, 0, 0, 2, 1, 7, 1, NULL, NULL, 'm21-7-basri-ket.jpg'),
(151, 'Elspeth, campeona del sol', 0, 0, 0, 0, 2, 4, 7, 1, NULL, NULL, 'blc-97-elspeth-sun-s-champion.jpg'),
(152, 'Elspeth, némesis del sol', 0, 0, 0, 0, 2, 2, 7, 1, NULL, NULL, 'thb-14-elspeth-sun-s-nemesis.jpg'),
(153, 'Gideon Blackblade', 0, 0, 0, 0, 2, 1, 7, 1, NULL, NULL, 'rvr-20-gideon-blackblade.jpg'),
(154, 'Sembrador del olvido', 0, 0, 0, 0, 0, 6, 1, 0, 5, 8, 'otc-77-oblivion-sower.jpg'),
(155, 'Errante vacío', 0, 0, 0, 0, 0, 7, 1, 0, 4, 4, 'mh3-13-nulldrifter.jpg'),
(156, 'Kozilek, la Realidad Rota', 0, 0, 0, 0, 0, 9, 1, 1, 9, 9, 'mh3-10-kozilek-the-broken-reality.jpg'),
(157, 'Emrakul, Renovadora de Mundos', 0, 0, 0, 0, 0, 12, 1, 1, 12, 12, 'mh3-6-emrakul-the-world-anew.jpg'),
(158, 'Descubridora', 0, 0, 0, 0, 0, 3, 1, 0, 1, 1, 'iko-2-farfinder.jpg'),
(159, 'Ráfaga elemental vacía', 0, 0, 0, 0, 0, 1, 3, 0, NULL, NULL, 'mh3-12-null-elemental-blast.jpg'),
(160, 'Sarcófago abandonado', 0, 0, 0, 0, 0, 3, 5, 0, NULL, NULL, 'c20-236-abandoned-sarcophagus.jpg'),
(161, 'Rotor de los eone', 0, 0, 0, 0, 0, 5, 5, 0, NULL, NULL, 'c19-52-aeon-engine.jpg'),
(162, 'Monumento a Akroma', 0, 0, 0, 0, 0, 7, 5, 1, NULL, NULL, 'tsr-262-akroma-s-memorial.jpg'),
(163, 'Altar del panteón', 0, 0, 0, 0, 0, 3, 5, 0, NULL, NULL, 'thb-231-altar-of-the-pantheon.jpg'),
(164, 'Amuleto de custodia', 0, 0, 0, 0, 0, 2, 5, 0, NULL, NULL, 'm19-226-amulet-of-safekeeping.jpg'),
(165, 'Karn, vástago de Urza', 0, 0, 0, 0, 0, 4, 7, 1, NULL, NULL, 'dom-1-karn-scion-of-urza.jpg'),
(166, 'Karn, el Gran Creador', 0, 0, 0, 0, 0, 4, 7, 1, NULL, NULL, 'rvr-1-karn-the-great-creator.jpg'),
(167, 'Ugin, el Inefable', 0, 0, 0, 0, 0, 6, 7, 1, NULL, NULL, 'war-2-ugin-the-ineffable.jpg'),
(168, 'Ugin, el dragón espíritu', 0, 0, 0, 0, 0, 8, 7, 1, NULL, NULL, 'm21-1-ugin-the-spirit-dragon.jpg'),
(169, 'Teferi, manipulador del tiempo', 0, 1, 0, 0, 1, 1, 7, 1, NULL, NULL, 'rvr-232-teferi-time-raveler.jpg'),
(170, 'Égida asimiladora', 0, 1, 0, 0, 1, 1, 5, 0, NULL, NULL, 'otj-192-assimilation-aegis.jpg'),
(171, 'Amuleto azorio', 0, 1, 0, 0, 1, 0, 5, 0, NULL, NULL, 'gk2-8-azorius-charm.jpg'),
(172, 'Caballero árbitro azorio', 0, 1, 0, 0, 1, 3, 1, 0, 2, 5, 'rna-154-azorius-knight-arbiter.jpg'),
(173, 'Brago, el rey eterno', 0, 1, 0, 0, 1, 2, 1, 1, 2, 4, 'khc-82-brago-king-eternal.jpg'),
(174, 'Sorin, Señor de Innistrad', 0, 0, 0, 1, 1, 2, 7, 1, NULL, NULL, 'lcc-289-sorin-lord-of-innistrad.jpg'),
(175, 'Efecto sangrado', 0, 0, 0, 1, 1, 2, 4, 0, NULL, NULL, 'acr-51-bleeding-effect.jpg'),
(176, 'Caballero sin aliento', 0, 0, 0, 1, 1, 1, 1, 0, 2, 2, 'mh2-187-breathless-knight.jpg'),
(177, 'Ángel del pacto mortal', 0, 0, 0, 2, 1, 3, 1, 0, 5, 5, 'gk2-38-deathpact-angel.jpg'),
(178, 'Tácticas desesperadas', 0, 0, 0, 1, 1, 0, 3, 0, NULL, NULL, 'iko-183-dire-tactics.jpg'),
(179, 'Huatli, poetisa guerrera', 1, 0, 0, 0, 1, 3, 7, 1, NULL, NULL, 'xln-224-huatli-warrior-poet.jpg'),
(180, 'Aya de Alejandría', 1, 0, 0, 0, 1, 2, 1, 1, 4, 3, 'acr-48-aya-of-alexandria.jpg'),
(181, 'Bruenor Martillo de Batalla', 1, 0, 0, 0, 1, 2, 1, 1, 5, 3, 'afr-219-bruenor-battlehammer.jpg'),
(182, 'Filoveloz boros', 1, 0, 0, 0, 1, 0, 1, 0, 1, 2, 'gk1-86-boros-swiftblade.jpg'),
(183, 'Amuleto boros', 1, 0, 0, 0, 1, 0, 3, 0, NULL, NULL, 'otc-216-boros-charm.jpg'),
(184, 'Ajani, el de Corazón Grande', 0, 0, 1, 0, 1, 2, 7, 1, NULL, NULL, 'war-184-ajani-the-greathearted.jpg'),
(185, 'Ajani, el de Corazón Grande', 0, 0, 2, 0, 1, 1, 3, 0, NULL, NULL, 'gk1-107-advent-of-the-wurm.jpg'),
(186, 'Bate de béisbol', 0, 0, 1, 0, 1, 0, 5, 0, NULL, NULL, 'dsk-209-baseball-bat.jpg'),
(187, 'Llamada del Cónclave', 0, 0, 1, 0, 1, 0, 2, 0, NULL, NULL, 'rvr-169-call-of-the-conclave.jpg'),
(188, 'Llamado de Eladamri', 0, 0, 1, 0, 1, 0, 3, 0, NULL, NULL, 'mh1-197-eladamri-s-call.jpg'),
(189, 'Ashiok, inspiración de pesadillas', 0, 1, 0, 1, 0, 3, 7, 1, NULL, NULL, 'thb-208-ashiok-nightmare-muse.jpg'),
(190, 'Reducir con estilo', 0, 1, 0, 1, 0, 2, 3, 0, NULL, NULL, 'grn-151-artful-takedown.jpg'),
(191, 'Anowon, el Ladrón de las Ruinas', 0, 1, 0, 1, 0, 2, 1, 1, 2, 4, 'znc-1-anowon-the-ruin-thief.jpg'),
(192, 'Emboscada de los Auditore', 0, 1, 0, 1, 0, 2, 2, 0, NULL, NULL, 'acr-295-auditore-ambush.jpg'),
(193, 'Asesino por obligación', 0, 1, 0, 1, 0, 3, 4, 0, NULL, NULL, 'mkm-192-coerced-to-kill.jpg'),
(194, 'Ral, virrey ízzet', 1, 1, 0, 0, 0, 3, 7, 1, NULL, NULL, 'grn-195-ral-izzet-viceroy.jpg'),
(195, 'Eris, rugido de la tormenta', 1, 1, 0, 0, 0, 8, 1, 1, 4, 4, 'otc-5-eris-roar-of-the-storm.jpg'),
(196, 'Kylox, inventor visionario', 1, 1, 0, 0, 0, 5, 1, 1, 4, 4, 'mkm-214-kylox-visionary-inventor.jpg'),
(197, 'Rayo profético', 1, 1, 0, 0, 0, 3, 3, 0, NULL, NULL, 'c20-227-prophetic-bolt.jpg'),
(198, 'Niv-Mízzet, parun', 3, 3, 0, 0, 0, 0, 1, 1, 5, 5, 'otc-235-niv-mizzet-parun.jpg'),
(199, 'Oko, el cabecilla', 0, 1, 1, 0, 0, 2, 7, 1, NULL, NULL, 'otj-223-oko-the-ringleader.jpg'),
(200, 'Volo, guía de los monstruos', 0, 1, 1, 0, 0, 2, 1, 1, 3, 2, 'afr-238-volo-guide-to-monsters.jpg'),
(201, 'La suerte hay que buscarla', 0, 1, 1, 0, 0, 3, 2, 0, NULL, NULL, 'otj-218-make-your-own-luck.jpg'),
(202, 'Encarnación enigmática', 0, 1, 1, 0, 0, 2, 4, 0, NULL, NULL, 'thb-215-enigmatic-incarnation.jpg'),
(203, 'Neoforma', 0, 1, 1, 0, 0, 0, 2, 0, NULL, NULL, 'war-206-neoform.jpg'),
(204, 'Angrath, el de las Cadenas Ardientes', 1, 0, 0, 1, 0, 3, 7, 1, NULL, NULL, 'rix-152-angrath-the-flame-chained.jpg'),
(205, 'Corcel infernal del carnaval', 1, 0, 0, 1, 0, 4, 1, 0, 5, 4, 'gk2-62-carnival-hellsteed.jpg'),
(206, 'Análisis de salpicaduras de sangre', 1, 0, 0, 1, 0, 0, 4, 0, NULL, NULL, 'mkm-189-blood-spatter-analysis.jpg'),
(207, 'Júbilo perturbador', 1, 0, 0, 1, 0, 0, 4, 0, NULL, NULL, 'dsk-212-disturbing-mirth.jpg'),
(208, 'Taladro pavoroso', 1, 0, 0, 1, 0, 0, 2, 0, NULL, NULL, 'rvr-180-dreadbore.jpg'),
(209, 'Bajas de la guerra', 0, 0, 2, 2, 0, 2, 2, 0, NULL, NULL, 'blc-125-casualties-of-war.jpg'),
(210, 'Vraska, reina de los golgari', 0, 0, 1, 1, 0, 2, 7, 1, NULL, NULL, 'grn-213-vraska-golgari-queen.jpg'),
(211, 'Cosecha de las tierras baldías', 0, 0, 1, 1, 0, 3, 2, 0, NULL, NULL, 'otj-194-badlands-revival.jpg'),
(212, 'Trofeo de la asesina', 0, 0, 1, 1, 0, 0, 3, 0, NULL, NULL, 'acr-95-assassin-s-trophy.jpg'),
(213, 'Cleopatra, faraona exiliada', 0, 0, 1, 1, 0, 2, 1, 1, 2, 4, 'acr-52-cleopatra-exiled-pharaoh.jpg'),
(214, 'Wrenn y Seis', 1, 0, 1, 0, 0, 0, 7, 1, NULL, NULL, 'mh1-217-wrenn-and-six.jpg'),
(215, 'Chamán desgarrador', 2, 0, 2, 0, 0, 0, 1, 0, 5, 5, 'rvr-230-sunder-shaman.jpg'),
(216, 'Lianas de ceniza', 1, 0, 1, 0, 0, 0, 4, 0, NULL, NULL, 'rvr-171-cindervines.jpg'),
(217, 'Emboscada de Domri', 1, 0, 1, 0, 0, 0, 2, 0, NULL, NULL, 'war-192-domri-s-ambush.jpg'),
(218, 'Asalto terrestre', 1, 0, 1, 0, 0, 0, 2, 0, NULL, NULL, 'znc-91-ground-assault.jpg'),
(219, 'Legión de fragmentados', 1, 1, 1, 1, 1, 0, 1, 1, 7, 7, 'tsr-261-sliver-legion.jpg'),
(220, 'Tiamat', 1, 1, 1, 1, 1, 2, 1, 1, 7, 7, 'afr-235-tiamat.jpg'),
(221, 'Omnath, centro de la creación', 1, 1, 1, 0, 1, 0, 1, 1, 4, 4, 'znr-232-omnath-locus-of-creation.jpg'),
(222, 'Arna Kennerüd, capitana celeste', 0, 1, 0, 1, 1, 2, 1, 1, 4, 4, 'mh3-178-arna-kennerud-skycaptain.jpg'),
(223, 'Chromium, el Mutable', 0, 1, 0, 1, 1, 4, 1, 1, 7, 7, 'm19-214-chromium-the-mutable.jpg'),
(224, 'Eriette, la embaucadora', 0, 1, 0, 1, 1, 1, 1, 1, 4, 4, 'otj-202-eriette-the-beguiler.jpg'),
(225, 'Nevinyrral, tirano de Urborg', 0, 1, 0, 1, 1, 3, 1, 1, 3, 6, 'cmr-287-nevinyrral-urborg-tyrant.jpg'),
(226, 'Ultimátum inspirado', 3, 2, 0, 0, 2, 0, 2, 0, NULL, NULL, 'iko-191-inspired-ultimatum.jpg'),
(227, 'Gavi, guardiana del nido', 1, 1, 0, 0, 1, 2, 1, 1, 2, 5, 'c20-7-gavi-nest-warden.jpg'),
(228, 'Narset de los métodos antiguos', 1, 1, 0, 0, 1, 1, 7, 1, NULL, NULL, 'iko-195-narset-of-the-ancient-way.jpg'),
(229, 'Sevinne, el Cronoclismo', 1, 1, 0, 0, 1, 2, 1, 1, 2, 2, 'c19-49-sevinne-the-chronoclasm.jpg'),
(230, 'Arthur, caballero de las caléndulas', 1, 1, 0, 0, 1, 2, 1, 1, 4, 5, 'blc-5-arthur-marigold-knight.jpg'),
(231, 'Ámareth, la Refulgente', 0, 1, 1, 0, 1, 3, 1, 1, 6, 6, 'cmr-266-amareth-the-lustrous.jpg'),
(232, 'Galea, Colmaesperanzas', 0, 1, 1, 0, 1, 1, 1, 1, 4, 4, 'afc-1-galea-kindler-of-hope.jpg'),
(233, 'Tamiyo, exploradora de campo', 0, 1, 1, 0, 1, 1, 7, 1, NULL, NULL, 'iko-195-narset-of-the-ancient-way.jpg'),
(234, 'Kellan se une al equipo', 0, 1, 1, 0, 1, 0, 4, 1, NULL, NULL, 'otj-212-kellan-joins-up.jpg'),
(235, 'Sr. Jacinto', 0, 1, 1, 0, 1, 2, 1, 1, 3, 5, 'blc-6-mr-foxglove.jpg'),
(236, 'Nicol Bolas, Dios Dragón', 1, 1, 0, 3, 0, 0, 7, 1, NULL, NULL, 'rvr-205-nicol-bolas-dragon-god.jpg'),
(237, 'Obeka, fraccionadora de segundos', 1, 1, 0, 1, 0, 1, 1, 1, 2, 5, 'otj-222-obeka-splitter-of-seconds.jpg'),
(238, 'Obeka, cronologista bruta', 1, 1, 0, 1, 0, 1, 1, 1, 3, 4, 'cmr-289-obeka-brute-chronologist.jpg'),
(239, 'Garza Zol, reina de la peste', 1, 1, 0, 1, 0, 4, 1, 1, 5, 5, 'ps11-171-garza-zol-plague-queen.jpg'),
(240, 'Geyadrone Dihada', 1, 1, 0, 1, 0, 1, 7, 1, NULL, NULL, 'mh2-199-geyadrone-dihada.jpg'),
(241, 'Nido de titanes', 0, 1, 1, 1, 0, 1, 4, 0, NULL, NULL, 'iko-212-titans-nest.jpg'),
(242, 'Ultimátum emergentes', 0, 2, 3, 2, 0, 0, 2, 0, NULL, NULL, 'iko-185-emergent-ultimatum.jpg'),
(243, 'Félix Cincobotas', 0, 1, 1, 1, 0, 2, 1, 1, 5, 4, 'otc-6-felix-five-boots.jpg'),
(244, 'Rayami, el Primero de los Caídos', 0, 1, 1, 1, 0, 1, 1, 1, 5, 4, 'c19-48-rayami-first-of-the-fallen.jpg'),
(245, 'Volrath, el Robaformas', 0, 1, 1, 1, 0, 2, 1, 1, 7, 5, 'c19-51-volrath-the-shapestealer.jpg'),
(246, 'Sortilegio temur', 1, 1, 1, 0, 0, 0, 3, 0, NULL, NULL, 'c20-230-temur-charm.jpg'),
(247, 'Supremacía temur', 1, 1, 1, 0, 0, 0, 4, 0, NULL, NULL, 'tsr-387-temur-ascendancy.jpg'),
(248, 'Ultimátum de génesis', 2, 3, 2, 0, 0, 0, 2, 0, NULL, NULL, 'iko-189-genesis-ultimatum.jpg'),
(249, 'Canción de la creación', 1, 1, 1, 0, 0, 1, 4, 0, NULL, NULL, 'iko-210-song-of-creation.jpg'),
(250, 'Omnath, centro de la Turbulencia', 1, 1, 1, 0, 0, 1, 1, 1, 3, 3, 'm20-216-omnath-locus-of-the-roil.jpg'),
(251, 'Yurlok de la azotada abrasadora', 1, 0, 1, 1, 0, 1, 1, 1, 4, 4, 'cmr-293-yurlok-of-scorch-thrash.jpg'),
(252, 'Winter, guía misantrópico', 1, 0, 1, 1, 0, 1, 1, 1, 3, 4, 'dsk-240-winter-misanthropic-guide.jpg'),
(253, 'Ultimátum violento', 3, 0, 2, 2, 0, 0, 2, 0, NULL, NULL, 'ps11-181-violent-ultimatum.jpg'),
(254, 'Vaevictis Asmadi, el Nefasto', 1, 0, 1, 1, 0, 3, 1, 1, 6, 6, 'm19-225-vaevictis-asmadi-the-dire.jpg'),
(255, 'Prossh, incursor celestial de Kher', 1, 0, 1, 1, 0, 3, 1, 1, 5, 5, 'cmr-530-prossh-skyraider-of-kher.jpg');

-- --------------------------------------------------------

--
-- Estructura de tabla para la tabla `cartas_en_venta`
--

DROP TABLE IF EXISTS `cartas_en_venta`;
CREATE TABLE `cartas_en_venta` (
  `id` int(11) NOT NULL,
  `id_carta` int(11) NOT NULL,
  `id_vendedor` int(11) NOT NULL,
  `precio` decimal(10,2) NOT NULL
) ENGINE=InnoDB DEFAULT CHARSET=utf8mb4 COLLATE=utf8mb4_general_ci;

--
-- Volcado de datos para la tabla `cartas_en_venta`
--

INSERT INTO `cartas_en_venta` (`id`, `id_carta`, `id_vendedor`, `precio`) VALUES
(1, 1, 2, 3.08),
(2, 2, 2, 2.01),
(3, 3, 2, 4.15),
(4, 4, 2, 2.45),
(5, 5, 2, 2.98),
(6, 6, 2, 4.81),
(7, 7, 2, 4.34),
(8, 8, 2, 2.57),
(9, 9, 2, 3.66),
(10, 10, 2, 4.14),
(11, 11, 2, 4.15),
(12, 12, 2, 4.89),
(13, 13, 2, 2.03),
(14, 14, 2, 3.89),
(15, 15, 2, 3.28),
(16, 16, 2, 2.78),
(17, 17, 2, 4.88),
(18, 18, 2, 4.91),
(19, 19, 2, 2.72),
(20, 20, 2, 4.59),
(21, 21, 2, 2.07),
(22, 22, 2, 3.00),
(23, 23, 2, 2.27),
(24, 24, 2, 2.33),
(25, 25, 2, 3.96),
(26, 26, 2, 3.00),
(27, 27, 2, 3.25),
(28, 28, 2, 4.59),
(29, 29, 2, 3.17),
(30, 30, 2, 3.99),
(31, 31, 2, 2.44),
(32, 32, 2, 4.40),
(33, 33, 2, 4.87),
(34, 34, 2, 4.04),
(35, 35, 2, 3.46),
(36, 36, 2, 4.89),
(37, 37, 2, 4.50),
(38, 38, 2, 2.50),
(39, 39, 2, 2.81),
(40, 40, 2, 2.33),
(41, 41, 2, 2.89),
(42, 42, 2, 2.67),
(43, 43, 2, 2.97),
(44, 44, 2, 4.51),
(45, 45, 2, 3.70),
(46, 46, 2, 2.12),
(47, 47, 2, 2.11),
(48, 48, 2, 4.26),
(49, 49, 2, 4.21),
(50, 50, 2, 2.13),
(51, 51, 2, 4.02),
(52, 52, 2, 2.28),
(53, 53, 2, 4.12),
(54, 54, 2, 2.92),
(55, 55, 2, 4.04),
(56, 56, 2, 4.95),
(57, 57, 2, 3.54),
(58, 58, 2, 3.98),
(59, 59, 2, 2.94),
(60, 60, 2, 3.80),
(61, 61, 2, 3.61),
(62, 62, 2, 2.51),
(63, 63, 2, 3.93),
(64, 64, 2, 3.54),
(65, 65, 2, 3.53),
(66, 66, 2, 2.35),
(67, 67, 2, 4.11),
(68, 68, 2, 3.99),
(69, 69, 2, 4.71),
(70, 70, 2, 4.34),
(71, 71, 2, 2.19),
(72, 72, 2, 2.19),
(73, 73, 2, 3.10),
(74, 74, 2, 4.17),
(75, 75, 2, 3.98),
(76, 76, 2, 2.51),
(77, 77, 2, 3.58),
(78, 78, 2, 4.35),
(79, 79, 2, 4.31),
(80, 80, 2, 2.94),
(81, 81, 2, 4.33),
(82, 82, 2, 3.79),
(83, 83, 2, 2.91),
(84, 84, 2, 3.94),
(85, 85, 2, 4.46),
(86, 86, 2, 3.12),
(87, 87, 2, 2.57),
(88, 88, 2, 3.18),
(89, 89, 2, 3.37),
(90, 90, 2, 2.66),
(91, 91, 2, 3.73),
(92, 92, 2, 4.15),
(93, 93, 2, 3.36),
(94, 94, 2, 2.12),
(95, 95, 2, 3.10),
(96, 96, 2, 2.65),
(97, 97, 2, 3.64),
(98, 98, 2, 4.99),
(99, 99, 2, 3.09),
(100, 100, 2, 4.08),
(101, 1, 3, 3.00),
(102, 2, 3, 2.22),
(103, 3, 3, 3.93),
(104, 4, 3, 4.92),
(105, 5, 3, 3.27),
(106, 6, 3, 2.19),
(107, 7, 3, 4.17),
(108, 8, 3, 2.38),
(109, 9, 3, 3.62),
(110, 10, 3, 3.01),
(111, 11, 3, 3.35),
(112, 12, 3, 3.67),
(113, 13, 3, 3.64),
(114, 14, 3, 4.66),
(115, 15, 3, 2.73),
(116, 16, 3, 3.66),
(117, 17, 3, 4.75),
(118, 18, 3, 3.79),
(119, 19, 3, 2.73),
(120, 20, 3, 2.32),
(121, 21, 3, 4.90),
(122, 22, 3, 2.49),
(123, 23, 3, 3.69),
(124, 24, 3, 4.98),
(125, 25, 3, 4.52),
(126, 26, 3, 3.88),
(127, 27, 3, 4.52),
(128, 28, 3, 3.55),
(129, 29, 3, 4.28),
(130, 30, 3, 4.17),
(131, 31, 3, 4.98),
(132, 32, 3, 4.72),
(133, 33, 3, 4.96),
(134, 34, 3, 2.67),
(135, 35, 3, 4.09),
(136, 36, 3, 2.46),
(137, 37, 3, 4.16),
(138, 38, 3, 4.47),
(139, 39, 3, 3.57),
(140, 40, 3, 4.25),
(141, 41, 3, 3.91),
(142, 42, 3, 3.37),
(143, 43, 3, 3.27),
(144, 44, 3, 2.47),
(145, 45, 3, 2.12),
(146, 46, 3, 3.61),
(147, 47, 3, 3.15),
(148, 48, 3, 4.39),
(149, 49, 3, 3.24),
(150, 50, 3, 3.76),
(151, 51, 3, 2.48),
(152, 52, 3, 2.49),
(153, 53, 3, 4.08),
(154, 54, 3, 2.87),
(155, 55, 3, 2.66),
(156, 56, 3, 2.41),
(157, 57, 3, 2.31),
(158, 58, 3, 2.95),
(159, 59, 3, 2.05),
(160, 60, 3, 4.22),
(161, 61, 3, 4.52),
(162, 62, 3, 4.05),
(163, 63, 3, 2.76),
(164, 64, 3, 4.46),
(165, 65, 3, 3.19),
(166, 66, 3, 3.76),
(167, 67, 3, 3.89),
(168, 68, 3, 3.42),
(169, 69, 3, 3.80),
(170, 70, 3, 3.77),
(171, 71, 3, 2.76),
(172, 72, 3, 3.95),
(173, 73, 3, 4.62),
(174, 74, 3, 3.07),
(175, 75, 3, 4.85),
(176, 76, 3, 3.74),
(177, 77, 3, 3.60),
(178, 78, 3, 3.38),
(179, 79, 3, 4.34),
(180, 80, 3, 4.33),
(181, 81, 3, 4.05),
(182, 82, 3, 4.81),
(183, 83, 3, 4.81),
(184, 84, 3, 2.43),
(185, 85, 3, 2.25),
(186, 86, 3, 2.32),
(187, 87, 3, 2.66),
(188, 88, 3, 2.64),
(189, 89, 3, 2.97),
(190, 90, 3, 4.74),
(191, 91, 3, 2.13),
(192, 92, 3, 3.27),
(193, 93, 3, 3.50),
(194, 94, 3, 3.14),
(195, 95, 3, 3.03),
(196, 96, 3, 4.55),
(197, 97, 3, 2.15),
(198, 98, 3, 3.67),
(199, 99, 3, 2.80),
(200, 100, 3, 4.29),
(201, 1, 4, 3.38),
(202, 2, 4, 2.96),
(203, 3, 4, 2.51),
(204, 4, 4, 2.74),
(205, 5, 4, 4.90),
(206, 6, 4, 2.80),
(207, 7, 4, 2.54),
(208, 8, 4, 4.42),
(209, 9, 4, 3.29),
(210, 10, 4, 4.10),
(211, 11, 4, 2.76),
(212, 12, 4, 2.39),
(213, 13, 4, 2.27),
(214, 14, 4, 2.26),
(215, 15, 4, 3.66),
(216, 16, 4, 2.73),
(217, 17, 4, 4.73),
(218, 18, 4, 4.89),
(219, 19, 4, 4.14),
(220, 20, 4, 2.00),
(221, 21, 4, 4.25),
(222, 22, 4, 4.76),
(223, 23, 4, 2.20),
(224, 24, 4, 2.09),
(225, 25, 4, 4.21),
(226, 26, 4, 4.24),
(227, 27, 4, 3.70),
(228, 28, 4, 3.99),
(229, 29, 4, 3.21),
(230, 30, 4, 2.70),
(231, 31, 4, 2.11),
(232, 32, 4, 4.84),
(233, 33, 4, 2.18),
(234, 34, 4, 4.09),
(235, 35, 4, 3.54),
(236, 36, 4, 4.12),
(237, 37, 4, 4.28),
(238, 38, 4, 4.05),
(239, 39, 4, 4.73),
(240, 40, 4, 4.00),
(241, 41, 4, 4.00),
(242, 42, 4, 3.49),
(243, 43, 4, 3.71),
(244, 44, 4, 2.48),
(245, 45, 4, 3.31),
(246, 46, 4, 4.21),
(247, 47, 4, 2.72),
(248, 48, 4, 3.51),
(249, 49, 4, 2.46),
(250, 50, 4, 3.79),
(251, 51, 4, 4.50),
(252, 52, 4, 2.08),
(253, 53, 4, 2.11),
(254, 54, 4, 2.61),
(255, 55, 4, 2.92),
(256, 56, 4, 4.58),
(257, 57, 4, 3.77),
(258, 58, 4, 4.30),
(259, 59, 4, 2.32),
(260, 60, 4, 4.17),
(261, 61, 4, 4.03),
(262, 62, 4, 3.11),
(263, 63, 4, 4.34),
(264, 64, 4, 4.38),
(265, 65, 4, 3.24),
(266, 66, 4, 2.03),
(267, 67, 4, 3.27),
(268, 68, 4, 3.23),
(269, 69, 4, 4.51),
(270, 70, 4, 2.23),
(271, 71, 4, 2.40),
(272, 72, 4, 4.74),
(273, 73, 4, 2.01),
(274, 74, 4, 3.94),
(275, 75, 4, 3.77),
(276, 76, 4, 3.96),
(277, 77, 4, 2.33),
(278, 78, 4, 4.81),
(279, 79, 4, 4.04),
(280, 80, 4, 3.00),
(281, 81, 4, 4.26),
(282, 82, 4, 4.80),
(283, 83, 4, 3.09),
(284, 84, 4, 4.05),
(285, 85, 4, 3.20),
(286, 86, 4, 3.14),
(287, 87, 4, 4.78),
(288, 88, 4, 3.84),
(289, 89, 4, 3.75),
(290, 90, 4, 3.01),
(291, 91, 4, 2.86),
(292, 92, 4, 2.28),
(293, 93, 4, 4.93),
(294, 94, 4, 3.04),
(295, 95, 4, 2.26),
(296, 96, 4, 2.43),
(297, 97, 4, 3.64),
(298, 98, 4, 4.94),
(299, 99, 4, 2.16),
(300, 100, 4, 2.33),
(301, 1, 5, 3.60),
(302, 2, 5, 4.04),
(303, 3, 5, 4.64),
(304, 4, 5, 4.91),
(305, 5, 5, 4.29),
(306, 6, 5, 4.61),
(307, 7, 5, 4.20),
(308, 8, 5, 2.07),
(309, 9, 5, 2.78),
(310, 10, 5, 4.74),
(311, 11, 5, 4.49),
(312, 12, 5, 3.28),
(313, 13, 5, 3.04),
(314, 14, 5, 4.70),
(315, 15, 5, 4.71),
(316, 16, 5, 2.09),
(317, 17, 5, 3.86),
(318, 18, 5, 3.14),
(319, 19, 5, 2.15),
(320, 20, 5, 2.88),
(321, 21, 5, 3.10),
(322, 22, 5, 4.74),
(323, 23, 5, 4.01),
(324, 24, 5, 3.99),
(325, 25, 5, 2.61),
(326, 26, 5, 4.30),
(327, 27, 5, 2.21),
(328, 28, 5, 2.65),
(329, 29, 5, 3.23),
(330, 30, 5, 2.94),
(331, 31, 5, 2.48),
(332, 32, 5, 2.63),
(333, 33, 5, 3.05),
(334, 34, 5, 4.02),
(335, 35, 5, 4.90),
(336, 36, 5, 3.24),
(337, 37, 5, 3.59),
(338, 38, 5, 4.86),
(339, 39, 5, 3.99),
(340, 40, 5, 3.23),
(341, 41, 5, 2.86),
(342, 42, 5, 4.27),
(343, 43, 5, 2.14),
(344, 44, 5, 4.91),
(345, 45, 5, 4.83),
(346, 46, 5, 3.97),
(347, 47, 5, 2.76),
(348, 48, 5, 4.75),
(349, 49, 5, 3.29),
(350, 50, 5, 4.88),
(351, 51, 5, 4.63),
(352, 52, 5, 4.99),
(353, 53, 5, 4.35),
(354, 54, 5, 4.91),
(355, 55, 5, 2.25),
(356, 56, 5, 2.21),
(357, 57, 5, 4.49),
(358, 58, 5, 3.22),
(359, 59, 5, 3.03),
(360, 60, 5, 2.19),
(361, 61, 5, 2.63),
(362, 62, 5, 3.43),
(363, 63, 5, 3.29),
(364, 64, 5, 4.90),
(365, 65, 5, 4.23),
(366, 66, 5, 3.91),
(367, 67, 5, 3.50),
(368, 68, 5, 4.56),
(369, 69, 5, 2.28),
(370, 70, 5, 2.78),
(371, 71, 5, 3.59),
(372, 72, 5, 3.84),
(373, 73, 5, 4.07),
(374, 74, 5, 2.97),
(375, 75, 5, 3.63),
(376, 76, 5, 3.69),
(377, 77, 5, 2.91),
(378, 78, 5, 4.55),
(379, 79, 5, 4.52),
(380, 80, 5, 4.18),
(381, 81, 5, 3.57),
(382, 82, 5, 3.68),
(383, 83, 5, 2.25),
(384, 84, 5, 3.73),
(385, 85, 5, 2.44),
(386, 86, 5, 3.85),
(387, 87, 5, 3.22),
(388, 88, 5, 3.58),
(389, 89, 5, 4.03),
(390, 90, 5, 3.54),
(391, 91, 5, 2.08),
(392, 92, 5, 4.61),
(393, 93, 5, 4.16),
(394, 94, 5, 3.29),
(395, 95, 5, 3.91),
(396, 96, 5, 2.01),
(397, 97, 5, 2.08),
(398, 98, 5, 2.91),
(399, 99, 5, 3.89),
(400, 100, 5, 2.94),
(401, 1, 6, 2.84),
(402, 2, 6, 3.81),
(403, 3, 6, 4.23),
(404, 4, 6, 4.65),
(405, 5, 6, 4.13),
(406, 6, 6, 3.34),
(407, 7, 6, 4.14),
(408, 8, 6, 5.00),
(409, 9, 6, 2.83),
(410, 10, 6, 3.81),
(411, 11, 6, 3.48),
(412, 12, 6, 2.84),
(413, 13, 6, 3.29),
(414, 14, 6, 2.15),
(415, 15, 6, 4.94),
(416, 16, 6, 3.87),
(417, 17, 6, 2.74),
(418, 18, 6, 2.42),
(419, 19, 6, 4.87),
(420, 20, 6, 3.93),
(421, 21, 6, 2.37),
(422, 22, 6, 4.07),
(423, 23, 6, 4.77),
(424, 24, 6, 3.34),
(425, 25, 6, 2.53),
(426, 26, 6, 2.65),
(427, 27, 6, 2.04),
(428, 28, 6, 4.04),
(429, 29, 6, 2.14),
(430, 30, 6, 2.97),
(431, 31, 6, 4.81),
(432, 32, 6, 2.95),
(433, 33, 6, 4.44),
(434, 34, 6, 2.82),
(435, 35, 6, 2.03),
(436, 36, 6, 3.90),
(437, 37, 6, 4.78),
(438, 38, 6, 2.67),
(439, 39, 6, 2.69),
(440, 40, 6, 2.07),
(441, 41, 6, 2.95),
(442, 42, 6, 3.37),
(443, 43, 6, 3.23),
(444, 44, 6, 2.48),
(445, 45, 6, 4.52),
(446, 46, 6, 2.76),
(447, 47, 6, 4.76),
(448, 48, 6, 3.32),
(449, 49, 6, 3.86),
(450, 50, 6, 2.23),
(451, 51, 6, 3.13),
(452, 52, 6, 3.74),
(453, 53, 6, 4.47),
(454, 54, 6, 2.65),
(455, 55, 6, 3.90),
(456, 56, 6, 3.69),
(457, 57, 6, 3.85),
(458, 58, 6, 2.23),
(459, 59, 6, 3.20),
(460, 60, 6, 3.20),
(461, 61, 6, 3.02),
(462, 62, 6, 2.16),
(463, 63, 6, 3.90),
(464, 64, 6, 3.18),
(465, 65, 6, 3.16),
(466, 66, 6, 4.52),
(467, 67, 6, 2.23),
(468, 68, 6, 4.07),
(469, 69, 6, 4.35),
(470, 70, 6, 2.60),
(471, 71, 6, 2.27),
(472, 72, 6, 3.55),
(473, 73, 6, 2.70),
(474, 74, 6, 2.25),
(475, 75, 6, 2.24),
(476, 76, 6, 3.75),
(477, 77, 6, 5.00),
(478, 78, 6, 3.83),
(479, 79, 6, 4.36),
(480, 80, 6, 2.78),
(481, 81, 6, 2.48),
(482, 82, 6, 4.26),
(483, 83, 6, 3.51),
(484, 84, 6, 3.08),
(485, 85, 6, 3.63),
(486, 86, 6, 3.45),
(487, 87, 6, 3.60),
(488, 88, 6, 4.97),
(489, 89, 6, 4.71),
(490, 90, 6, 2.26),
(491, 91, 6, 4.31),
(492, 92, 6, 2.22),
(493, 93, 6, 2.94),
(494, 94, 6, 2.51),
(495, 95, 6, 4.78),
(496, 96, 6, 4.32),
(497, 97, 6, 3.53),
(498, 98, 6, 3.04),
(499, 99, 6, 3.95),
(500, 100, 6, 4.07),
(501, 1, 7, 4.55),
(502, 2, 7, 3.43),
(503, 3, 7, 3.82),
(504, 4, 7, 3.75),
(505, 5, 7, 2.32),
(506, 6, 7, 4.64),
(507, 7, 7, 3.64),
(508, 8, 7, 3.36),
(509, 9, 7, 3.57),
(510, 10, 7, 4.56),
(511, 11, 7, 2.60),
(512, 12, 7, 2.74),
(513, 13, 7, 2.07),
(514, 14, 7, 2.95),
(515, 15, 7, 3.76),
(516, 16, 7, 2.61),
(517, 17, 7, 4.19),
(518, 18, 7, 2.07),
(519, 19, 7, 4.78),
(520, 20, 7, 2.55),
(521, 21, 7, 2.36),
(522, 22, 7, 3.77),
(523, 23, 7, 3.78),
(524, 24, 7, 2.05),
(525, 25, 7, 3.38),
(526, 26, 7, 4.92),
(527, 27, 7, 3.12),
(528, 28, 7, 4.34),
(529, 29, 7, 4.00),
(530, 30, 7, 2.32),
(531, 31, 7, 2.63),
(532, 32, 7, 4.64),
(533, 33, 7, 2.50),
(534, 34, 7, 3.01),
(535, 35, 7, 2.51),
(536, 36, 7, 2.60),
(537, 37, 7, 4.41),
(538, 38, 7, 2.47),
(539, 39, 7, 2.61),
(540, 40, 7, 3.02),
(541, 41, 7, 4.56),
(542, 42, 7, 3.67),
(543, 43, 7, 3.77),
(544, 44, 7, 4.06),
(545, 45, 7, 4.77),
(546, 46, 7, 3.54),
(547, 47, 7, 3.09),
(548, 48, 7, 4.44),
(549, 49, 7, 4.33),
(550, 50, 7, 3.62),
(551, 51, 7, 4.79),
(552, 52, 7, 3.94),
(553, 53, 7, 4.05),
(554, 54, 7, 3.60),
(555, 55, 7, 2.27),
(556, 56, 7, 3.74),
(557, 57, 7, 3.42),
(558, 58, 7, 2.83),
(559, 59, 7, 4.34),
(560, 60, 7, 4.22),
(561, 61, 7, 2.96),
(562, 62, 7, 3.27),
(563, 63, 7, 4.25),
(564, 64, 7, 2.65),
(565, 65, 7, 4.10),
(566, 66, 7, 4.41),
(567, 67, 7, 3.49),
(568, 68, 7, 4.21),
(569, 69, 7, 4.59),
(570, 70, 7, 3.90),
(571, 71, 7, 4.64),
(572, 72, 7, 2.59),
(573, 73, 7, 3.00),
(574, 74, 7, 3.25),
(575, 75, 7, 2.84),
(576, 76, 7, 2.33),
(577, 77, 7, 2.00),
(578, 78, 7, 2.86),
(579, 79, 7, 2.93),
(580, 80, 7, 2.11),
(581, 81, 7, 4.33),
(582, 82, 7, 4.67),
(583, 83, 7, 4.16),
(584, 84, 7, 2.60),
(585, 85, 7, 2.61),
(586, 86, 7, 4.15),
(587, 87, 7, 3.73),
(588, 88, 7, 4.55),
(589, 89, 7, 2.92),
(590, 90, 7, 2.12),
(591, 91, 7, 2.05),
(592, 92, 7, 2.35),
(593, 93, 7, 4.33),
(594, 94, 7, 4.27),
(595, 95, 7, 4.08),
(596, 96, 7, 4.50),
(597, 97, 7, 4.82),
(598, 98, 7, 4.22),
(599, 99, 7, 3.38),
(600, 100, 7, 4.23),
(601, 1, 8, 4.15),
(602, 2, 8, 4.79),
(603, 3, 8, 2.92),
(604, 4, 8, 3.74),
(605, 5, 8, 4.24),
(606, 6, 8, 4.30),
(607, 7, 8, 2.37),
(608, 8, 8, 2.62),
(609, 9, 8, 4.29),
(610, 10, 8, 3.29),
(611, 11, 8, 3.76),
(612, 12, 8, 3.93),
(613, 13, 8, 2.23),
(614, 14, 8, 2.70),
(615, 15, 8, 3.96),
(616, 16, 8, 4.71),
(617, 17, 8, 3.00),
(618, 18, 8, 4.16),
(619, 19, 8, 3.59),
(620, 20, 8, 2.38),
(621, 21, 8, 4.52),
(622, 22, 8, 2.52),
(623, 23, 8, 3.05),
(624, 24, 8, 2.31),
(625, 25, 8, 4.99),
(626, 26, 8, 3.28),
(627, 27, 8, 3.06),
(628, 28, 8, 3.63),
(629, 29, 8, 3.89),
(630, 30, 8, 4.73),
(631, 31, 8, 4.49),
(632, 32, 8, 4.03),
(633, 33, 8, 4.47),
(634, 34, 8, 2.10),
(635, 35, 8, 2.44),
(636, 36, 8, 4.73),
(637, 37, 8, 2.94),
(638, 38, 8, 4.60),
(639, 39, 8, 2.59),
(640, 40, 8, 4.01),
(641, 41, 8, 4.90),
(642, 42, 8, 3.84),
(643, 43, 8, 3.17),
(644, 44, 8, 4.03),
(645, 45, 8, 3.59),
(646, 46, 8, 2.42),
(647, 47, 8, 4.01),
(648, 48, 8, 3.77),
(649, 49, 8, 2.81),
(650, 50, 8, 4.70),
(651, 51, 8, 4.21),
(652, 52, 8, 2.72),
(653, 53, 8, 3.80),
(654, 54, 8, 3.22),
(655, 55, 8, 2.03),
(656, 56, 8, 3.16),
(657, 57, 8, 2.46),
(658, 58, 8, 2.94),
(659, 59, 8, 3.32),
(660, 60, 8, 2.70),
(661, 61, 8, 3.11),
(662, 62, 8, 2.91),
(663, 63, 8, 3.66),
(664, 64, 8, 3.82),
(665, 65, 8, 2.79),
(666, 66, 8, 4.47),
(667, 67, 8, 4.24),
(668, 68, 8, 4.95),
(669, 69, 8, 4.34),
(670, 70, 8, 2.55),
(671, 71, 8, 2.98),
(672, 72, 8, 3.30),
(673, 73, 8, 2.66),
(674, 74, 8, 4.43),
(675, 75, 8, 3.71),
(676, 76, 8, 2.52),
(677, 77, 8, 2.76),
(678, 78, 8, 2.99),
(679, 79, 8, 2.20),
(680, 80, 8, 2.62),
(681, 81, 8, 4.44),
(682, 82, 8, 2.48),
(683, 83, 8, 3.29),
(684, 84, 8, 4.52),
(685, 85, 8, 2.30),
(686, 86, 8, 3.16),
(687, 87, 8, 2.75),
(688, 88, 8, 2.01),
(689, 89, 8, 4.41),
(690, 90, 8, 4.73),
(691, 91, 8, 3.85),
(692, 92, 8, 4.86),
(693, 93, 8, 2.99),
(694, 94, 8, 4.04),
(695, 95, 8, 2.04),
(696, 96, 8, 3.95),
(697, 97, 8, 2.56),
(698, 98, 8, 4.66),
(699, 99, 8, 3.80),
(700, 100, 8, 3.48),
(701, 1, 9, 2.74),
(702, 2, 9, 4.70),
(703, 3, 9, 4.86),
(704, 4, 9, 2.72),
(705, 5, 9, 3.45),
(706, 6, 9, 4.72),
(707, 7, 9, 2.43),
(708, 8, 9, 2.30),
(709, 9, 9, 3.85),
(710, 10, 9, 4.20),
(711, 11, 9, 3.40),
(712, 12, 9, 3.49),
(713, 13, 9, 4.29),
(714, 14, 9, 2.95),
(715, 15, 9, 4.78),
(716, 16, 9, 4.36),
(717, 17, 9, 3.84),
(718, 18, 9, 3.15),
(719, 19, 9, 3.33),
(720, 20, 9, 2.10),
(721, 21, 9, 2.75),
(722, 22, 9, 3.45),
(723, 23, 9, 2.06),
(724, 24, 9, 2.98),
(725, 25, 9, 2.53),
(726, 26, 9, 3.96),
(727, 27, 9, 4.85),
(728, 28, 9, 2.15),
(729, 29, 9, 4.67),
(730, 30, 9, 2.05),
(731, 31, 9, 2.79),
(732, 32, 9, 4.85),
(733, 33, 9, 4.30),
(734, 34, 9, 3.73),
(735, 35, 9, 3.08),
(736, 36, 9, 2.08),
(737, 37, 9, 4.78),
(738, 38, 9, 2.16),
(739, 39, 9, 4.92),
(740, 40, 9, 3.28),
(741, 41, 9, 2.88),
(742, 42, 9, 4.31),
(743, 43, 9, 3.42),
(744, 44, 9, 2.01),
(745, 45, 9, 2.16),
(746, 46, 9, 3.02),
(747, 47, 9, 2.22),
(748, 48, 9, 2.38),
(749, 49, 9, 3.26),
(750, 50, 9, 3.17),
(751, 51, 9, 3.84),
(752, 52, 9, 2.99),
(753, 53, 9, 2.26),
(754, 54, 9, 4.61),
(755, 55, 9, 2.79),
(756, 56, 9, 3.83),
(757, 57, 9, 4.15),
(758, 58, 9, 3.72),
(759, 59, 9, 3.14),
(760, 60, 9, 4.75),
(761, 61, 9, 4.99),
(762, 62, 9, 4.89),
(763, 63, 9, 2.89),
(764, 64, 9, 2.65),
(765, 65, 9, 3.26),
(766, 66, 9, 2.11),
(767, 67, 9, 3.21),
(768, 68, 9, 2.74),
(769, 69, 9, 4.40),
(770, 70, 9, 3.19),
(771, 71, 9, 3.74),
(772, 72, 9, 4.20),
(773, 73, 9, 3.30),
(774, 74, 9, 3.95),
(775, 75, 9, 4.54),
(776, 76, 9, 4.80),
(777, 77, 9, 2.16),
(778, 78, 9, 2.05),
(779, 79, 9, 2.34),
(780, 80, 9, 3.37),
(781, 81, 9, 2.71),
(782, 82, 9, 3.21),
(783, 83, 9, 3.98),
(784, 84, 9, 4.34),
(785, 85, 9, 4.56),
(786, 86, 9, 2.52),
(787, 87, 9, 2.68),
(788, 88, 9, 2.59),
(789, 89, 9, 2.34),
(790, 90, 9, 3.08),
(791, 91, 9, 3.09),
(792, 92, 9, 4.50),
(793, 93, 9, 4.07),
(794, 94, 9, 4.57),
(795, 95, 9, 3.17),
(796, 96, 9, 2.66),
(797, 97, 9, 2.79),
(798, 98, 9, 3.73),
(799, 99, 9, 4.17),
(800, 100, 9, 4.65),
(801, 1, 10, 3.14),
(802, 2, 10, 3.70),
(803, 3, 10, 2.39),
(804, 4, 10, 4.16),
(805, 5, 10, 3.76),
(806, 6, 10, 2.91),
(807, 7, 10, 4.79),
(808, 8, 10, 3.07),
(809, 9, 10, 4.97),
(810, 10, 10, 2.26),
(811, 11, 10, 2.06),
(812, 12, 10, 3.68),
(813, 13, 10, 3.56),
(814, 14, 10, 3.70),
(815, 15, 10, 2.51),
(816, 16, 10, 4.21),
(817, 17, 10, 3.65),
(818, 18, 10, 2.88),
(819, 19, 10, 2.11),
(820, 20, 10, 3.66),
(821, 21, 10, 2.45),
(822, 22, 10, 3.20),
(823, 23, 10, 4.41),
(824, 24, 10, 4.00),
(825, 25, 10, 3.79),
(826, 26, 10, 2.15),
(827, 27, 10, 2.52),
(828, 28, 10, 4.56),
(829, 29, 10, 4.77),
(830, 30, 10, 2.17),
(831, 31, 10, 4.18),
(832, 32, 10, 2.01),
(833, 33, 10, 4.53),
(834, 34, 10, 3.50),
(835, 35, 10, 4.29),
(836, 36, 10, 3.68),
(837, 37, 10, 2.31),
(838, 38, 10, 4.39),
(839, 39, 10, 2.12),
(840, 40, 10, 2.00),
(841, 41, 10, 2.12),
(842, 42, 10, 4.93),
(843, 43, 10, 4.41),
(844, 44, 10, 3.75),
(845, 45, 10, 2.77),
(846, 46, 10, 2.50),
(847, 47, 10, 4.02),
(848, 48, 10, 4.84),
(849, 49, 10, 3.76),
(850, 50, 10, 2.04),
(851, 51, 10, 3.96),
(852, 52, 10, 4.58),
(853, 53, 10, 2.65),
(854, 54, 10, 2.20),
(855, 55, 10, 2.72),
(856, 56, 10, 4.63),
(857, 57, 10, 2.88),
(858, 58, 10, 3.13),
(859, 59, 10, 2.59),
(860, 60, 10, 3.49),
(861, 61, 10, 4.75),
(862, 62, 10, 4.39),
(863, 63, 10, 4.46),
(864, 64, 10, 2.07),
(865, 65, 10, 2.54),
(866, 66, 10, 2.20),
(867, 67, 10, 4.32),
(868, 68, 10, 4.74),
(869, 69, 10, 4.95),
(870, 70, 10, 3.66),
(871, 71, 10, 4.31),
(872, 72, 10, 4.06),
(873, 73, 10, 4.87),
(874, 74, 10, 2.68),
(875, 75, 10, 2.79),
(876, 76, 10, 2.26),
(877, 77, 10, 4.92),
(878, 78, 10, 3.35),
(879, 79, 10, 4.00),
(880, 80, 10, 2.61),
(881, 81, 10, 3.77),
(882, 82, 10, 4.42),
(883, 83, 10, 2.01),
(884, 84, 10, 2.52),
(885, 85, 10, 4.47),
(886, 86, 10, 3.84),
(887, 87, 10, 3.26),
(888, 88, 10, 3.41),
(889, 89, 10, 2.33),
(890, 90, 10, 4.34),
(891, 91, 10, 2.46),
(892, 92, 10, 3.01),
(893, 93, 10, 4.39),
(894, 94, 10, 4.71),
(895, 95, 10, 2.72),
(896, 96, 10, 4.43),
(897, 97, 10, 2.06),
(898, 98, 10, 3.94),
(899, 99, 10, 3.19),
(900, 100, 10, 4.19),
(901, 1, 11, 4.81),
(902, 2, 11, 3.27),
(903, 3, 11, 2.04),
(904, 4, 11, 4.07),
(905, 5, 11, 3.12),
(906, 6, 11, 2.27),
(907, 7, 11, 3.68),
(908, 8, 11, 2.89),
(909, 9, 11, 2.63),
(910, 10, 11, 3.41),
(911, 11, 11, 4.68),
(912, 12, 11, 4.96),
(913, 13, 11, 2.21),
(914, 14, 11, 4.72),
(915, 15, 11, 2.65),
(916, 16, 11, 3.22),
(917, 17, 11, 3.49),
(918, 18, 11, 2.95),
(919, 19, 11, 4.40),
(920, 20, 11, 2.19),
(921, 21, 11, 2.60),
(922, 22, 11, 2.00),
(923, 23, 11, 4.31),
(924, 24, 11, 3.57),
(925, 25, 11, 2.13),
(926, 26, 11, 2.96),
(927, 27, 11, 4.81),
(928, 28, 11, 4.20),
(929, 29, 11, 4.14),
(930, 30, 11, 2.37),
(931, 31, 11, 4.45),
(932, 32, 11, 3.20),
(933, 33, 11, 3.14),
(934, 34, 11, 2.98),
(935, 35, 11, 4.25),
(936, 36, 11, 4.05),
(937, 37, 11, 2.45),
(938, 38, 11, 2.22),
(939, 39, 11, 3.98),
(940, 40, 11, 2.24),
(941, 41, 11, 2.18),
(942, 42, 11, 2.10),
(943, 43, 11, 3.41),
(944, 44, 11, 3.13),
(945, 45, 11, 4.94),
(946, 46, 11, 2.31),
(947, 47, 11, 3.89),
(948, 48, 11, 2.26),
(949, 49, 11, 4.73),
(950, 50, 11, 2.67),
(951, 51, 11, 3.32),
(952, 52, 11, 3.99),
(953, 53, 11, 4.05),
(954, 54, 11, 2.92),
(955, 55, 11, 2.94),
(956, 56, 11, 2.69),
(957, 57, 11, 3.93),
(958, 58, 11, 2.13),
(959, 59, 11, 4.21),
(960, 60, 11, 4.05),
(961, 61, 11, 4.82),
(962, 62, 11, 3.98),
(963, 63, 11, 3.14),
(964, 64, 11, 3.21),
(965, 65, 11, 2.74),
(966, 66, 11, 4.56),
(967, 67, 11, 3.82),
(968, 68, 11, 2.80),
(969, 69, 11, 3.73),
(970, 70, 11, 2.00),
(971, 71, 11, 3.29),
(972, 72, 11, 4.79),
(973, 73, 11, 2.58),
(974, 74, 11, 4.59),
(975, 75, 11, 4.57),
(976, 76, 11, 4.91),
(977, 77, 11, 3.03),
(978, 78, 11, 4.85),
(979, 79, 11, 2.15),
(980, 80, 11, 2.74),
(981, 81, 11, 2.48),
(982, 82, 11, 3.98),
(983, 83, 11, 3.22),
(984, 84, 11, 3.20),
(985, 85, 11, 2.12),
(986, 86, 11, 2.25),
(987, 87, 11, 2.10),
(988, 88, 11, 2.61),
(989, 89, 11, 4.61),
(990, 90, 11, 4.35),
(991, 91, 11, 4.04),
(992, 92, 11, 2.06),
(993, 93, 11, 4.22),
(994, 94, 11, 2.95),
(995, 95, 11, 2.73),
(996, 96, 11, 2.10),
(997, 97, 11, 4.31),
(998, 98, 11, 3.09),
(999, 99, 11, 3.44),
(1000, 100, 11, 3.65),
(1001, 1, 12, 3.81),
(1002, 2, 12, 3.93),
(1003, 3, 12, 4.81),
(1004, 4, 12, 2.44),
(1005, 5, 12, 3.67),
(1006, 6, 12, 2.32),
(1007, 7, 12, 4.05),
(1008, 8, 12, 2.85),
(1009, 9, 12, 5.00),
(1010, 10, 12, 2.19),
(1011, 11, 12, 2.67),
(1012, 12, 12, 3.36),
(1013, 13, 12, 3.94),
(1014, 14, 12, 3.70),
(1015, 15, 12, 4.08),
(1016, 16, 12, 3.54),
(1017, 17, 12, 4.47),
(1018, 18, 12, 4.01),
(1019, 19, 12, 2.67),
(1020, 20, 12, 4.26),
(1021, 21, 12, 4.78),
(1022, 22, 12, 4.54),
(1023, 23, 12, 4.35),
(1024, 24, 12, 3.54),
(1025, 25, 12, 4.00),
(1026, 26, 12, 3.97),
(1027, 27, 12, 4.67),
(1028, 28, 12, 2.78),
(1029, 29, 12, 2.50),
(1030, 30, 12, 4.17),
(1031, 31, 12, 3.46),
(1032, 32, 12, 3.95),
(1033, 33, 12, 2.65),
(1034, 34, 12, 3.44),
(1035, 35, 12, 4.28),
(1036, 36, 12, 2.42),
(1037, 37, 12, 4.36),
(1038, 38, 12, 3.21),
(1039, 39, 12, 3.53),
(1040, 40, 12, 2.27),
(1041, 41, 12, 3.30),
(1042, 42, 12, 2.55),
(1043, 43, 12, 2.52),
(1044, 44, 12, 2.22),
(1045, 45, 12, 2.20),
(1046, 46, 12, 2.70),
(1047, 47, 12, 4.83),
(1048, 48, 12, 2.20),
(1049, 49, 12, 3.56),
(1050, 50, 12, 2.94),
(1051, 51, 12, 2.50),
(1052, 52, 12, 2.82),
(1053, 53, 12, 4.52),
(1054, 54, 12, 3.75),
(1055, 55, 12, 4.79),
(1056, 56, 12, 2.27),
(1057, 57, 12, 3.09),
(1058, 58, 12, 3.72),
(1059, 59, 12, 2.48),
(1060, 60, 12, 3.28),
(1061, 61, 12, 4.99),
(1062, 62, 12, 3.45),
(1063, 63, 12, 4.49),
(1064, 64, 12, 3.75),
(1065, 65, 12, 2.11),
(1066, 66, 12, 3.32),
(1067, 67, 12, 4.66),
(1068, 68, 12, 2.88),
(1069, 69, 12, 3.55),
(1070, 70, 12, 2.77),
(1071, 71, 12, 2.56),
(1072, 72, 12, 2.78),
(1073, 73, 12, 3.23),
(1074, 74, 12, 4.96),
(1075, 75, 12, 3.36),
(1076, 76, 12, 3.76),
(1077, 77, 12, 4.08),
(1078, 78, 12, 4.70),
(1079, 79, 12, 2.09),
(1080, 80, 12, 2.13),
(1081, 81, 12, 2.00),
(1082, 82, 12, 2.63),
(1083, 83, 12, 4.62),
(1084, 84, 12, 3.15),
(1085, 85, 12, 4.98),
(1086, 86, 12, 2.30),
(1087, 87, 12, 4.78),
(1088, 88, 12, 3.02),
(1089, 89, 12, 2.46),
(1090, 90, 12, 4.96),
(1091, 91, 12, 3.54),
(1092, 92, 12, 4.41),
(1093, 93, 12, 4.85),
(1094, 94, 12, 3.46),
(1095, 95, 12, 2.44),
(1096, 96, 12, 3.40),
(1097, 97, 12, 2.92),
(1098, 98, 12, 3.07),
(1099, 99, 12, 2.74),
(1100, 100, 12, 2.21),
(1101, 1, 13, 3.66),
(1102, 2, 13, 2.32),
(1103, 3, 13, 3.18),
(1104, 4, 13, 4.14),
(1105, 5, 13, 4.49),
(1106, 6, 13, 2.97),
(1107, 7, 13, 3.80),
(1108, 8, 13, 2.51),
(1109, 9, 13, 3.87),
(1110, 10, 13, 2.80),
(1111, 11, 13, 3.10),
(1112, 12, 13, 3.16),
(1113, 13, 13, 2.78),
(1114, 14, 13, 2.31),
(1115, 15, 13, 3.88),
(1116, 16, 13, 2.43),
(1117, 17, 13, 4.21),
(1118, 18, 13, 4.21),
(1119, 19, 13, 4.45),
(1120, 20, 13, 2.08),
(1121, 21, 13, 2.02),
(1122, 22, 13, 2.91),
(1123, 23, 13, 3.96),
(1124, 24, 13, 4.84),
(1125, 25, 13, 2.03),
(1126, 26, 13, 3.68),
(1127, 27, 13, 3.35),
(1128, 28, 13, 4.35),
(1129, 29, 13, 3.12),
(1130, 30, 13, 3.14),
(1131, 31, 13, 2.90),
(1132, 32, 13, 3.88),
(1133, 33, 13, 4.19),
(1134, 34, 13, 2.20),
(1135, 35, 13, 2.75),
(1136, 36, 13, 3.32),
(1137, 37, 13, 4.82),
(1138, 38, 13, 4.84),
(1139, 39, 13, 3.35),
(1140, 40, 13, 2.08),
(1141, 41, 13, 3.58),
(1142, 42, 13, 2.52),
(1143, 43, 13, 3.92),
(1144, 44, 13, 4.81),
(1145, 45, 13, 2.34),
(1146, 46, 13, 3.78),
(1147, 47, 13, 2.25),
(1148, 48, 13, 3.27),
(1149, 49, 13, 4.74),
(1150, 50, 13, 2.74),
(1151, 51, 13, 2.22),
(1152, 52, 13, 3.50),
(1153, 53, 13, 2.05),
(1154, 54, 13, 3.17),
(1155, 55, 13, 2.95),
(1156, 56, 13, 3.96),
(1157, 57, 13, 4.69),
(1158, 58, 13, 4.11),
(1159, 59, 13, 4.40),
(1160, 60, 13, 4.08),
(1161, 61, 13, 4.75),
(1162, 62, 13, 4.54),
(1163, 63, 13, 2.31),
(1164, 64, 13, 3.91),
(1165, 65, 13, 3.88),
(1166, 66, 13, 2.13),
(1167, 67, 13, 4.65),
(1168, 68, 13, 3.13),
(1169, 69, 13, 2.77),
(1170, 70, 13, 2.07),
(1171, 71, 13, 2.36),
(1172, 72, 13, 3.54),
(1173, 73, 13, 4.34),
(1174, 74, 13, 3.31),
(1175, 75, 13, 3.45),
(1176, 76, 13, 2.18),
(1177, 77, 13, 2.66),
(1178, 78, 13, 3.55),
(1179, 79, 13, 3.32),
(1180, 80, 13, 4.23),
(1181, 81, 13, 2.44),
(1182, 82, 13, 3.35),
(1183, 83, 13, 3.88),
(1184, 84, 13, 2.19),
(1185, 85, 13, 4.49),
(1186, 86, 13, 3.77),
(1187, 87, 13, 4.63),
(1188, 88, 13, 4.02),
(1189, 89, 13, 3.06),
(1190, 90, 13, 2.15),
(1191, 91, 13, 2.90),
(1192, 92, 13, 2.05),
(1193, 93, 13, 3.14),
(1194, 94, 13, 2.81),
(1195, 95, 13, 2.89),
(1196, 96, 13, 3.01),
(1197, 97, 13, 2.01),
(1198, 98, 13, 3.36),
(1199, 99, 13, 4.21),
(1200, 100, 13, 4.24),
(1201, 1, 14, 4.28),
(1202, 2, 14, 3.61),
(1203, 3, 14, 3.93),
(1204, 4, 14, 3.71),
(1205, 5, 14, 4.91),
(1206, 6, 14, 4.08),
(1207, 7, 14, 3.49),
(1208, 8, 14, 3.40),
(1209, 9, 14, 3.72),
(1210, 10, 14, 4.05),
(1211, 11, 14, 4.93),
(1212, 12, 14, 2.74),
(1213, 13, 14, 3.62),
(1214, 14, 14, 4.71),
(1215, 15, 14, 4.05),
(1216, 16, 14, 4.92),
(1217, 17, 14, 3.37),
(1218, 18, 14, 2.89),
(1219, 19, 14, 2.29),
(1220, 20, 14, 3.02),
(1221, 21, 14, 4.67),
(1222, 22, 14, 3.64),
(1223, 23, 14, 3.19),
(1224, 24, 14, 4.66),
(1225, 25, 14, 4.56),
(1226, 26, 14, 4.68),
(1227, 27, 14, 2.26),
(1228, 28, 14, 2.32),
(1229, 29, 14, 3.83),
(1230, 30, 14, 3.40),
(1231, 31, 14, 4.47),
(1232, 32, 14, 2.13),
(1233, 33, 14, 4.56),
(1234, 34, 14, 4.03),
(1235, 35, 14, 3.27),
(1236, 36, 14, 3.64),
(1237, 37, 14, 4.22),
(1238, 38, 14, 3.72),
(1239, 39, 14, 2.53),
(1240, 40, 14, 4.52),
(1241, 41, 14, 2.40),
(1242, 42, 14, 3.93),
(1243, 43, 14, 3.76),
(1244, 44, 14, 4.01),
(1245, 45, 14, 2.00),
(1246, 46, 14, 3.98),
(1247, 47, 14, 3.33),
(1248, 48, 14, 2.00),
(1249, 49, 14, 4.79),
(1250, 50, 14, 4.32),
(1251, 51, 14, 2.40),
(1252, 52, 14, 2.12),
(1253, 53, 14, 3.80),
(1254, 54, 14, 4.89),
(1255, 55, 14, 4.39),
(1256, 56, 14, 2.85),
(1257, 57, 14, 2.98),
(1258, 58, 14, 2.03),
(1259, 59, 14, 2.26),
(1260, 60, 14, 2.46),
(1261, 61, 14, 4.01),
(1262, 62, 14, 3.12),
(1263, 63, 14, 4.94),
(1264, 64, 14, 3.00),
(1265, 65, 14, 3.36),
(1266, 66, 14, 2.52),
(1267, 67, 14, 2.94),
(1268, 68, 14, 4.31),
(1269, 69, 14, 3.64),
(1270, 70, 14, 3.05),
(1271, 71, 14, 4.05),
(1272, 72, 14, 4.17),
(1273, 73, 14, 2.53),
(1274, 74, 14, 2.37),
(1275, 75, 14, 4.05),
(1276, 76, 14, 4.36),
(1277, 77, 14, 4.36),
(1278, 78, 14, 3.72),
(1279, 79, 14, 2.36),
(1280, 80, 14, 2.57),
(1281, 81, 14, 3.89),
(1282, 82, 14, 4.03),
(1283, 83, 14, 4.46),
(1284, 84, 14, 3.71),
(1285, 85, 14, 2.21),
(1286, 86, 14, 3.51),
(1287, 87, 14, 3.75),
(1288, 88, 14, 3.31),
(1289, 89, 14, 4.03),
(1290, 90, 14, 4.94),
(1291, 91, 14, 4.81),
(1292, 92, 14, 2.29),
(1293, 93, 14, 4.30),
(1294, 94, 14, 2.71),
(1295, 95, 14, 3.75),
(1296, 96, 14, 3.36),
(1297, 97, 14, 2.35),
(1298, 98, 14, 3.37),
(1299, 99, 14, 2.79),
(1300, 100, 14, 2.00),
(1301, 1, 15, 4.64),
(1302, 2, 15, 4.29),
(1303, 3, 15, 4.81),
(1304, 4, 15, 3.39),
(1305, 5, 15, 3.06),
(1306, 6, 15, 2.85),
(1307, 7, 15, 4.05),
(1308, 8, 15, 3.05),
(1309, 9, 15, 4.07),
(1310, 10, 15, 4.35),
(1311, 11, 15, 3.77),
(1312, 12, 15, 2.30),
(1313, 13, 15, 2.20),
(1314, 14, 15, 4.76),
(1315, 15, 15, 4.71),
(1316, 16, 15, 3.62),
(1317, 17, 15, 3.94),
(1318, 18, 15, 2.34),
(1319, 19, 15, 4.66),
(1320, 20, 15, 2.97),
(1321, 21, 15, 2.99),
(1322, 22, 15, 2.00),
(1323, 23, 15, 3.71),
(1324, 24, 15, 3.93),
(1325, 25, 15, 3.39),
(1326, 26, 15, 3.30),
(1327, 27, 15, 2.56),
(1328, 28, 15, 4.81),
(1329, 29, 15, 4.98),
(1330, 30, 15, 2.02),
(1331, 31, 15, 3.19),
(1332, 32, 15, 4.56),
(1333, 33, 15, 4.77),
(1334, 34, 15, 3.75),
(1335, 35, 15, 4.74),
(1336, 36, 15, 2.92),
(1337, 37, 15, 2.62),
(1338, 38, 15, 3.23),
(1339, 39, 15, 3.13),
(1340, 40, 15, 3.91),
(1341, 41, 15, 4.91),
(1342, 42, 15, 4.26),
(1343, 43, 15, 3.83),
(1344, 44, 15, 4.41),
(1345, 45, 15, 3.17),
(1346, 46, 15, 3.15),
(1347, 47, 15, 4.53),
(1348, 48, 15, 3.62),
(1349, 49, 15, 2.80),
(1350, 50, 15, 3.83),
(1351, 51, 15, 2.19),
(1352, 52, 15, 3.92),
(1353, 53, 15, 3.38),
(1354, 54, 15, 4.88),
(1355, 55, 15, 3.06),
(1356, 56, 15, 2.34),
(1357, 57, 15, 2.73),
(1358, 58, 15, 2.40),
(1359, 59, 15, 2.70),
(1360, 60, 15, 4.36),
(1361, 61, 15, 2.83),
(1362, 62, 15, 2.73),
(1363, 63, 15, 3.33),
(1364, 64, 15, 3.62),
(1365, 65, 15, 4.58),
(1366, 66, 15, 3.99),
(1367, 67, 15, 4.91),
(1368, 68, 15, 2.87),
(1369, 69, 15, 2.22),
(1370, 70, 15, 2.54),
(1371, 71, 15, 4.09),
(1372, 72, 15, 2.00),
(1373, 73, 15, 2.10),
(1374, 74, 15, 3.71),
(1375, 75, 15, 3.47),
(1376, 76, 15, 2.35),
(1377, 77, 15, 4.16),
(1378, 78, 15, 3.29),
(1379, 79, 15, 4.69),
(1380, 80, 15, 3.99),
(1381, 81, 15, 4.12),
(1382, 82, 15, 3.72),
(1383, 83, 15, 3.83),
(1384, 84, 15, 2.76),
(1385, 85, 15, 4.29),
(1386, 86, 15, 3.66),
(1387, 87, 15, 4.27),
(1388, 88, 15, 3.99),
(1389, 89, 15, 2.63),
(1390, 90, 15, 3.70),
(1391, 91, 15, 3.79),
(1392, 92, 15, 4.27),
(1393, 93, 15, 4.59),
(1394, 94, 15, 2.28),
(1395, 95, 15, 2.48),
(1396, 96, 15, 2.98),
(1397, 97, 15, 3.87),
(1398, 98, 15, 3.18),
(1399, 99, 15, 4.25),
(1400, 100, 15, 2.75),
(1401, 1, 16, 2.30),
(1402, 2, 16, 3.99),
(1403, 3, 16, 2.08),
(1404, 4, 16, 3.62),
(1405, 5, 16, 4.14),
(1406, 6, 16, 3.58),
(1407, 7, 16, 4.62),
(1408, 8, 16, 2.65),
(1409, 9, 16, 2.08),
(1410, 10, 16, 3.21),
(1411, 11, 16, 3.20),
(1412, 12, 16, 2.08),
(1413, 13, 16, 4.76),
(1414, 14, 16, 3.29),
(1415, 15, 16, 3.91),
(1416, 16, 16, 3.19),
(1417, 17, 16, 3.45),
(1418, 18, 16, 3.88),
(1419, 19, 16, 4.71),
(1420, 20, 16, 4.81),
(1421, 21, 16, 4.35),
(1422, 22, 16, 2.59),
(1423, 23, 16, 2.42),
(1424, 24, 16, 4.47),
(1425, 25, 16, 3.11),
(1426, 26, 16, 3.82),
(1427, 27, 16, 2.03),
(1428, 28, 16, 4.61),
(1429, 29, 16, 2.48),
(1430, 30, 16, 3.40),
(1431, 31, 16, 4.61),
(1432, 32, 16, 3.64),
(1433, 33, 16, 2.26),
(1434, 34, 16, 4.62),
(1435, 35, 16, 3.47),
(1436, 36, 16, 2.74),
(1437, 37, 16, 3.41),
(1438, 38, 16, 4.28),
(1439, 39, 16, 2.24),
(1440, 40, 16, 4.12),
(1441, 41, 16, 2.41),
(1442, 42, 16, 4.86),
(1443, 43, 16, 3.58),
(1444, 44, 16, 4.31),
(1445, 45, 16, 4.84),
(1446, 46, 16, 4.20),
(1447, 47, 16, 2.39),
(1448, 48, 16, 3.33),
(1449, 49, 16, 2.02),
(1450, 50, 16, 2.50),
(1451, 51, 16, 2.59),
(1452, 52, 16, 3.44),
(1453, 53, 16, 4.97),
(1454, 54, 16, 2.89),
(1455, 55, 16, 4.55),
(1456, 56, 16, 2.91),
(1457, 57, 16, 4.82),
(1458, 58, 16, 3.57),
(1459, 59, 16, 3.14),
(1460, 60, 16, 2.85),
(1461, 61, 16, 2.58),
(1462, 62, 16, 2.94),
(1463, 63, 16, 4.70),
(1464, 64, 16, 3.46),
(1465, 65, 16, 3.29),
(1466, 66, 16, 4.32),
(1467, 67, 16, 2.64),
(1468, 68, 16, 4.64),
(1469, 69, 16, 4.39),
(1470, 70, 16, 4.43),
(1471, 71, 16, 4.32),
(1472, 72, 16, 4.80),
(1473, 73, 16, 2.69),
(1474, 74, 16, 4.07),
(1475, 75, 16, 4.46),
(1476, 76, 16, 2.03),
(1477, 77, 16, 4.83),
(1478, 78, 16, 4.13),
(1479, 79, 16, 4.35),
(1480, 80, 16, 3.59),
(1481, 81, 16, 3.10),
(1482, 82, 16, 2.29),
(1483, 83, 16, 4.53),
(1484, 84, 16, 3.42),
(1485, 85, 16, 2.33),
(1486, 86, 16, 2.13),
(1487, 87, 16, 4.67),
(1488, 88, 16, 3.18),
(1489, 89, 16, 2.03),
(1490, 90, 16, 4.86),
(1491, 91, 16, 4.94),
(1492, 92, 16, 2.84),
(1493, 93, 16, 2.58),
(1494, 94, 16, 4.29),
(1495, 95, 16, 3.83),
(1496, 96, 16, 2.18),
(1497, 97, 16, 3.92),
(1498, 98, 16, 3.96),
(1499, 99, 16, 2.60),
(1500, 100, 16, 3.02),
(1501, 1, 17, 4.15),
(1502, 2, 17, 3.94),
(1503, 3, 17, 2.48),
(1504, 4, 17, 4.44),
(1505, 5, 17, 4.79),
(1506, 6, 17, 3.76),
(1507, 7, 17, 2.12),
(1508, 8, 17, 2.29),
(1509, 9, 17, 3.32),
(1510, 10, 17, 5.00),
(1511, 11, 17, 3.64),
(1512, 12, 17, 4.70),
(1513, 13, 17, 4.78),
(1514, 14, 17, 3.91),
(1515, 15, 17, 2.12),
(1516, 16, 17, 4.50),
(1517, 17, 17, 4.76),
(1518, 18, 17, 2.66),
(1519, 19, 17, 3.99),
(1520, 20, 17, 4.91),
(1521, 21, 17, 2.45),
(1522, 22, 17, 2.19),
(1523, 23, 17, 3.66),
(1524, 24, 17, 3.95),
(1525, 25, 17, 4.88),
(1526, 26, 17, 2.24),
(1527, 27, 17, 2.08),
(1528, 28, 17, 4.76),
(1529, 29, 17, 3.15),
(1530, 30, 17, 3.78),
(1531, 31, 17, 4.91),
(1532, 32, 17, 3.81),
(1533, 33, 17, 2.62),
(1534, 34, 17, 2.35),
(1535, 35, 17, 3.84),
(1536, 36, 17, 4.05),
(1537, 37, 17, 4.33),
(1538, 38, 17, 2.56),
(1539, 39, 17, 3.65),
(1540, 40, 17, 4.91),
(1541, 41, 17, 3.13),
(1542, 42, 17, 4.71),
(1543, 43, 17, 3.75),
(1544, 44, 17, 2.17),
(1545, 45, 17, 3.86),
(1546, 46, 17, 2.47),
(1547, 47, 17, 3.85),
(1548, 48, 17, 3.52),
(1549, 49, 17, 2.69),
(1550, 50, 17, 3.75),
(1551, 51, 17, 4.67),
(1552, 52, 17, 2.37),
(1553, 53, 17, 4.99),
(1554, 54, 17, 3.00),
(1555, 55, 17, 2.79),
(1556, 56, 17, 2.45),
(1557, 57, 17, 4.77),
(1558, 58, 17, 2.35),
(1559, 59, 17, 5.00),
(1560, 60, 17, 2.71),
(1561, 61, 17, 3.00),
(1562, 62, 17, 2.58),
(1563, 63, 17, 3.83),
(1564, 64, 17, 2.73),
(1565, 65, 17, 2.54),
(1566, 66, 17, 4.73),
(1567, 67, 17, 3.57),
(1568, 68, 17, 3.06),
(1569, 69, 17, 5.00),
(1570, 70, 17, 2.95),
(1571, 71, 17, 2.16),
(1572, 72, 17, 4.36),
(1573, 73, 17, 4.24),
(1574, 74, 17, 4.32),
(1575, 75, 17, 4.88),
(1576, 76, 17, 2.67),
(1577, 77, 17, 2.50),
(1578, 78, 17, 3.72),
(1579, 79, 17, 4.17),
(1580, 80, 17, 4.82),
(1581, 81, 17, 2.98),
(1582, 82, 17, 2.00),
(1583, 83, 17, 3.68),
(1584, 84, 17, 4.27),
(1585, 85, 17, 3.71),
(1586, 86, 17, 2.42),
(1587, 87, 17, 4.17),
(1588, 88, 17, 2.00),
(1589, 89, 17, 2.66),
(1590, 90, 17, 2.52),
(1591, 91, 17, 4.07),
(1592, 92, 17, 2.44),
(1593, 93, 17, 3.76),
(1594, 94, 17, 3.36),
(1595, 95, 17, 2.90),
(1596, 96, 17, 4.26),
(1597, 97, 17, 2.38),
(1598, 98, 17, 4.91),
(1599, 99, 17, 2.21),
(1600, 100, 17, 4.17),
(1601, 1, 18, 4.46),
(1602, 2, 18, 5.00),
(1603, 3, 18, 2.06),
(1604, 4, 18, 3.24),
(1605, 5, 18, 3.40),
(1606, 6, 18, 4.80),
(1607, 7, 18, 2.33),
(1608, 8, 18, 2.14),
(1609, 9, 18, 3.12),
(1610, 10, 18, 4.76),
(1611, 11, 18, 3.15),
(1612, 12, 18, 4.26),
(1613, 13, 18, 4.42),
(1614, 14, 18, 4.42),
(1615, 15, 18, 2.80),
(1616, 16, 18, 3.63),
(1617, 17, 18, 4.96),
(1618, 18, 18, 4.95),
(1619, 19, 18, 4.64),
(1620, 20, 18, 4.23),
(1621, 21, 18, 3.03),
(1622, 22, 18, 4.05),
(1623, 23, 18, 4.10),
(1624, 24, 18, 4.61),
(1625, 25, 18, 3.81),
(1626, 26, 18, 3.88),
(1627, 27, 18, 3.36),
(1628, 28, 18, 4.23),
(1629, 29, 18, 3.12),
(1630, 30, 18, 4.23),
(1631, 31, 18, 3.40),
(1632, 32, 18, 3.18),
(1633, 33, 18, 2.15),
(1634, 34, 18, 3.01),
(1635, 35, 18, 3.44),
(1636, 36, 18, 4.23),
(1637, 37, 18, 4.16),
(1638, 38, 18, 3.02),
(1639, 39, 18, 4.99),
(1640, 40, 18, 5.00),
(1641, 41, 18, 2.26),
(1642, 42, 18, 4.48),
(1643, 43, 18, 2.63),
(1644, 44, 18, 2.00),
(1645, 45, 18, 4.34),
(1646, 46, 18, 3.89),
(1647, 47, 18, 4.20),
(1648, 48, 18, 4.30),
(1649, 49, 18, 3.82),
(1650, 50, 18, 2.89),
(1651, 51, 18, 4.58),
(1652, 52, 18, 3.48),
(1653, 53, 18, 2.09),
(1654, 54, 18, 2.49),
(1655, 55, 18, 2.71),
(1656, 56, 18, 4.45),
(1657, 57, 18, 4.21),
(1658, 58, 18, 2.71),
(1659, 59, 18, 2.14),
(1660, 60, 18, 2.98),
(1661, 61, 18, 3.16),
(1662, 62, 18, 3.79),
(1663, 63, 18, 2.98),
(1664, 64, 18, 2.75),
(1665, 65, 18, 3.01),
(1666, 66, 18, 3.97),
(1667, 67, 18, 3.53),
(1668, 68, 18, 4.53),
(1669, 69, 18, 4.54),
(1670, 70, 18, 2.80),
(1671, 71, 18, 4.94),
(1672, 72, 18, 3.18),
(1673, 73, 18, 2.41),
(1674, 74, 18, 4.66),
(1675, 75, 18, 3.56),
(1676, 76, 18, 4.04),
(1677, 77, 18, 3.34),
(1678, 78, 18, 3.47),
(1679, 79, 18, 2.40),
(1680, 80, 18, 2.60),
(1681, 81, 18, 4.44),
(1682, 82, 18, 4.67),
(1683, 83, 18, 4.95),
(1684, 84, 18, 2.65),
(1685, 85, 18, 3.25),
(1686, 86, 18, 4.85),
(1687, 87, 18, 4.27),
(1688, 88, 18, 4.89),
(1689, 89, 18, 4.12),
(1690, 90, 18, 2.65),
(1691, 91, 18, 4.14),
(1692, 92, 18, 2.21),
(1693, 93, 18, 3.25),
(1694, 94, 18, 2.74),
(1695, 95, 18, 3.40),
(1696, 96, 18, 4.66),
(1697, 97, 18, 4.82),
(1698, 98, 18, 2.77),
(1699, 99, 18, 2.98),
(1700, 100, 18, 2.92),
(1701, 1, 19, 3.86),
(1702, 2, 19, 4.94),
(1703, 3, 19, 3.57),
(1704, 4, 19, 2.34),
(1705, 5, 19, 2.05),
(1706, 6, 19, 2.86),
(1707, 7, 19, 3.45),
(1708, 8, 19, 2.54),
(1709, 9, 19, 2.96),
(1710, 10, 19, 3.51),
(1711, 11, 19, 4.20),
(1712, 12, 19, 4.63),
(1713, 13, 19, 3.47),
(1714, 14, 19, 3.77),
(1715, 15, 19, 3.64),
(1716, 16, 19, 3.14),
(1717, 17, 19, 3.37),
(1718, 18, 19, 2.56),
(1719, 19, 19, 3.53),
(1720, 20, 19, 3.03),
(1721, 21, 19, 2.63),
(1722, 22, 19, 2.78),
(1723, 23, 19, 4.00),
(1724, 24, 19, 3.56),
(1725, 25, 19, 4.40),
(1726, 26, 19, 4.29),
(1727, 27, 19, 3.46),
(1728, 28, 19, 4.64),
(1729, 29, 19, 3.91),
(1730, 30, 19, 2.30),
(1731, 31, 19, 4.98),
(1732, 32, 19, 3.59),
(1733, 33, 19, 2.74),
(1734, 34, 19, 4.19),
(1735, 35, 19, 3.55),
(1736, 36, 19, 3.05),
(1737, 37, 19, 3.82),
(1738, 38, 19, 4.89),
(1739, 39, 19, 2.09),
(1740, 40, 19, 3.84),
(1741, 41, 19, 2.99),
(1742, 42, 19, 3.11),
(1743, 43, 19, 4.51),
(1744, 44, 19, 2.69),
(1745, 45, 19, 3.96),
(1746, 46, 19, 3.90),
(1747, 47, 19, 2.79),
(1748, 48, 19, 4.86),
(1749, 49, 19, 4.75),
(1750, 50, 19, 4.87),
(1751, 51, 19, 4.56),
(1752, 52, 19, 4.74),
(1753, 53, 19, 2.12),
(1754, 54, 19, 3.82),
(1755, 55, 19, 2.63),
(1756, 56, 19, 2.49),
(1757, 57, 19, 4.24),
(1758, 58, 19, 3.99),
(1759, 59, 19, 3.55),
(1760, 60, 19, 4.64),
(1761, 61, 19, 2.18),
(1762, 62, 19, 3.36),
(1763, 63, 19, 2.80),
(1764, 64, 19, 3.68),
(1765, 65, 19, 2.60),
(1766, 66, 19, 4.64),
(1767, 67, 19, 3.74),
(1768, 68, 19, 4.65),
(1769, 69, 19, 3.74),
(1770, 70, 19, 4.87),
(1771, 71, 19, 2.25),
(1772, 72, 19, 3.84),
(1773, 73, 19, 2.79),
(1774, 74, 19, 4.90),
(1775, 75, 19, 2.43),
(1776, 76, 19, 3.53),
(1777, 77, 19, 2.47),
(1778, 78, 19, 2.68),
(1779, 79, 19, 2.40),
(1780, 80, 19, 4.10),
(1781, 81, 19, 4.67),
(1782, 82, 19, 3.67),
(1783, 83, 19, 2.52),
(1784, 84, 19, 4.31),
(1785, 85, 19, 4.65),
(1786, 86, 19, 2.65),
(1787, 87, 19, 2.05),
(1788, 88, 19, 3.26),
(1789, 89, 19, 2.96),
(1790, 90, 19, 2.69),
(1791, 91, 19, 3.83),
(1792, 92, 19, 2.96),
(1793, 93, 19, 2.37),
(1794, 94, 19, 2.07),
(1795, 95, 19, 4.21),
(1796, 96, 19, 3.04),
(1797, 97, 19, 4.67),
(1798, 98, 19, 3.76),
(1799, 99, 19, 2.82),
(1800, 100, 19, 4.62),
(1801, 1, 20, 2.09),
(1802, 2, 20, 3.92),
(1803, 3, 20, 3.63),
(1804, 4, 20, 4.81),
(1805, 5, 20, 4.82),
(1806, 6, 20, 3.38),
(1807, 7, 20, 3.67),
(1808, 8, 20, 4.25),
(1809, 9, 20, 2.54),
(1810, 10, 20, 4.95),
(1811, 11, 20, 2.49),
(1812, 12, 20, 4.91),
(1813, 13, 20, 4.52),
(1814, 14, 20, 3.17),
(1815, 15, 20, 2.27),
(1816, 16, 20, 2.18),
(1817, 17, 20, 4.42),
(1818, 18, 20, 3.06),
(1819, 19, 20, 3.84),
(1820, 20, 20, 2.96),
(1821, 21, 20, 2.64),
(1822, 22, 20, 4.10),
(1823, 23, 20, 3.67),
(1824, 24, 20, 4.22),
(1825, 25, 20, 3.32),
(1826, 26, 20, 2.67),
(1827, 27, 20, 2.57),
(1828, 28, 20, 2.00),
(1829, 29, 20, 2.80),
(1830, 30, 20, 4.96),
(1831, 31, 20, 2.23),
(1832, 32, 20, 3.85),
(1833, 33, 20, 4.86),
(1834, 34, 20, 2.66),
(1835, 35, 20, 4.81),
(1836, 36, 20, 4.74),
(1837, 37, 20, 4.43),
(1838, 38, 20, 3.95),
(1839, 39, 20, 3.15),
(1840, 40, 20, 4.37),
(1841, 41, 20, 2.36),
(1842, 42, 20, 3.73),
(1843, 43, 20, 2.16),
(1844, 44, 20, 3.05),
(1845, 45, 20, 3.21),
(1846, 46, 20, 4.54),
(1847, 47, 20, 4.31),
(1848, 48, 20, 3.14),
(1849, 49, 20, 4.55),
(1850, 50, 20, 2.64),
(1851, 51, 20, 4.44),
(1852, 52, 20, 3.17),
(1853, 53, 20, 4.65),
(1854, 54, 20, 2.61),
(1855, 55, 20, 2.91),
(1856, 56, 20, 2.16),
(1857, 57, 20, 3.62),
(1858, 58, 20, 2.19),
(1859, 59, 20, 2.38),
(1860, 60, 20, 2.65),
(1861, 61, 20, 2.15),
(1862, 62, 20, 3.18),
(1863, 63, 20, 3.51),
(1864, 64, 20, 2.39),
(1865, 65, 20, 2.42),
(1866, 66, 20, 4.38),
(1867, 67, 20, 3.21),
(1868, 68, 20, 3.34),
(1869, 69, 20, 4.38),
(1870, 70, 20, 3.96),
(1871, 71, 20, 4.53),
(1872, 72, 20, 4.02),
(1873, 73, 20, 3.84),
(1874, 74, 20, 4.56),
(1875, 75, 20, 4.28),
(1876, 76, 20, 3.01),
(1877, 77, 20, 3.45),
(1878, 78, 20, 2.35),
(1879, 79, 20, 4.40),
(1880, 80, 20, 4.50),
(1881, 81, 20, 3.07),
(1882, 82, 20, 4.72),
(1883, 83, 20, 2.24),
(1884, 84, 20, 4.94),
(1885, 85, 20, 3.51),
(1886, 86, 20, 3.62),
(1887, 87, 20, 3.85),
(1888, 88, 20, 4.40),
(1889, 89, 20, 2.44),
(1890, 90, 20, 4.88),
(1891, 91, 20, 3.96),
(1892, 92, 20, 2.34),
(1893, 93, 20, 3.45),
(1894, 94, 20, 3.37),
(1895, 95, 20, 3.82),
(1896, 96, 20, 3.43),
(1897, 97, 20, 4.76),
(1898, 98, 20, 2.15),
(1899, 99, 20, 4.62),
(1900, 100, 20, 3.14),
(1901, 4, 1, 5.50);

-- --------------------------------------------------------

--
-- Estructura de tabla para la tabla `cartas_habilidades`
--

DROP TABLE IF EXISTS `cartas_habilidades`;
CREATE TABLE `cartas_habilidades` (
  `id_carta` int(11) NOT NULL,
  `id_habilidad` int(11) NOT NULL
) ENGINE=InnoDB DEFAULT CHARSET=utf8mb4 COLLATE=utf8mb4_general_ci;

--
-- Volcado de datos para la tabla `cartas_habilidades`
--

INSERT INTO `cartas_habilidades` (`id_carta`, `id_habilidad`) VALUES
(10, 8),
(11, 8),
(12, 8),
(19, 12),
(34, 2),
(34, 8),
(35, 5),
(36, 5),
(37, 4),
(67, 6),
(67, 12),
(68, 2),
(80, 12),
(95, 8),
(97, 7),
(97, 8),
(98, 12),
(124, 3),
(124, 8),
(124, 13),
(124, 14),
(126, 2),
(126, 4),
(126, 8),
(126, 13),
(128, 7),
(128, 8),
(155, 8),
(157, 8),
(158, 13),
(172, 13),
(173, 8),
(176, 7),
(176, 8),
(177, 8),
(180, 7),
(180, 9),
(182, 3),
(195, 8),
(195, 15),
(196, 5),
(196, 9),
(205, 4),
(205, 5),
(220, 8),
(222, 7),
(222, 8),
(223, 8),
(223, 12),
(224, 7),
(225, 10),
(230, 5),
(231, 8),
(232, 12),
(235, 13),
(237, 9),
(239, 5),
(239, 8),
(243, 9),
(251, 13),
(254, 8),
(255, 8);

-- --------------------------------------------------------

--
-- Estructura de tabla para la tabla `cartas_tipos_criatura`
--

DROP TABLE IF EXISTS `cartas_tipos_criatura`;
CREATE TABLE `cartas_tipos_criatura` (
  `id_carta` int(11) NOT NULL,
  `id_tipo_criatura` int(11) NOT NULL
) ENGINE=InnoDB DEFAULT CHARSET=utf8mb4 COLLATE=utf8mb4_general_ci;

--
-- Volcado de datos para la tabla `cartas_tipos_criatura`
--

INSERT INTO `cartas_tipos_criatura` (`id_carta`, `id_tipo_criatura`) VALUES
(1, 107),
(1, 117),
(2, 117),
(9, 47),
(9, 76),
(9, 117),
(10, 162),
(11, 67),
(12, 30),
(12, 75),
(13, 119),
(34, 7),
(35, 120),
(36, 21),
(37, 30),
(38, 201),
(64, 49),
(65, 76),
(66, 47),
(66, 175),
(67, 235),
(68, 238),
(94, 115),
(95, 84),
(96, 107),
(96, 241),
(97, 59),
(97, 150),
(124, 6),
(124, 65),
(125, 21),
(125, 65),
(126, 7),
(127, 97),
(128, 7),
(154, 73),
(155, 73),
(155, 75),
(156, 73),
(157, 73),
(158, 242),
(172, 33),
(172, 117),
(173, 85),
(176, 33),
(176, 85),
(177, 7),
(180, 18),
(180, 117),
(181, 77),
(181, 104),
(182, 117),
(182, 211),
(191, 31),
(191, 231),
(195, 75),
(196, 17),
(196, 234),
(198, 68),
(198, 107),
(200, 107),
(200, 117),
(205, 34),
(205, 176),
(213, 117),
(215, 47),
(215, 97),
(219, 94),
(220, 59),
(220, 68),
(220, 75),
(222, 33),
(222, 117),
(223, 6),
(223, 68),
(224, 117),
(225, 107),
(225, 241),
(227, 47),
(227, 117),
(229, 107),
(229, 117),
(230, 33),
(230, 192),
(231, 68),
(232, 33),
(232, 76),
(235, 31),
(235, 242),
(237, 161),
(238, 107),
(238, 161),
(239, 231),
(243, 31),
(243, 49),
(244, 231),
(245, 145),
(250, 75),
(251, 47),
(251, 234),
(252, 117),
(254, 6),
(254, 68),
(255, 68);

-- --------------------------------------------------------

--
-- Estructura de tabla para la tabla `comentarios`
--

DROP TABLE IF EXISTS `comentarios`;
CREATE TABLE `comentarios` (
  `id` int(11) NOT NULL,
  `id_comentado` int(11) NOT NULL,
  `id_comentador` int(11) NOT NULL,
  `fecha_comentario` date NOT NULL,
  `comentario` text NOT NULL,
  `valoracion` int(11) NOT NULL CHECK (`valoracion` between 0 and 5)
) ENGINE=InnoDB DEFAULT CHARSET=utf8mb4 COLLATE=utf8mb4_general_ci;

-- --------------------------------------------------------

--
-- Estructura de tabla para la tabla `habilidades`
--

DROP TABLE IF EXISTS `habilidades`;
CREATE TABLE `habilidades` (
  `id` int(11) NOT NULL,
  `habilidad` varchar(50) NOT NULL
) ENGINE=InnoDB DEFAULT CHARSET=utf8mb4 COLLATE=utf8mb4_general_ci;

--
-- Volcado de datos para la tabla `habilidades`
--

INSERT INTO `habilidades` (`id`, `habilidad`) VALUES
(1, 'Alcance'),
(2, 'Arrollar'),
(3, 'Dañar dos Veces'),
(4, 'Dañar Primero'),
(5, 'Prisa'),
(6, 'Toque Mortal'),
(7, 'Vinculo Vital'),
(8, 'Volar'),
(9, 'Amenaza'),
(10, 'Antimalefício'),
(11, 'Defensor'),
(12, 'Destello'),
(13, 'Vigilancia'),
(14, 'Indestructible'),
(15, 'Destreza');

-- --------------------------------------------------------

--
-- Estructura de tabla para la tabla `tipo_carta`
--

DROP TABLE IF EXISTS `tipo_carta`;
CREATE TABLE `tipo_carta` (
  `id_habilidad` int(11) NOT NULL,
  `tipo` varchar(50) NOT NULL
) ENGINE=InnoDB DEFAULT CHARSET=utf8mb4 COLLATE=utf8mb4_general_ci;

--
-- Volcado de datos para la tabla `tipo_carta`
--

INSERT INTO `tipo_carta` (`id_habilidad`, `tipo`) VALUES
(1, 'Criatura'),
(2, 'Conjuro'),
(3, 'Instantáneo'),
(4, 'Encantamiento'),
(5, 'Artefacto'),
(6, 'Tierra'),
(7, 'PlanesWalker');

-- --------------------------------------------------------

--
-- Estructura de tabla para la tabla `tipo_criatura`
--

DROP TABLE IF EXISTS `tipo_criatura`;
CREATE TABLE `tipo_criatura` (
  `id` int(11) NOT NULL,
  `tipo_criatura_nombre` varchar(50) NOT NULL
) ENGINE=InnoDB DEFAULT CHARSET=utf8mb4 COLLATE=utf8mb4_general_ci;

--
-- Volcado de datos para la tabla `tipo_criatura`
--

INSERT INTO `tipo_criatura` (`id`, `tipo_criatura_nombre`) VALUES
(1, 'Abanderado'),
(2, 'Acorazado'),
(3, 'Adalid'),
(4, 'Alce'),
(5, 'Aliado'),
(6, 'Anciano'),
(7, 'Ángel'),
(8, 'Antílope'),
(9, 'Aparejador'),
(10, 'Aparición'),
(11, 'Araña'),
(12, 'Arconte'),
(13, 'Ardilla'),
(14, 'Arena'),
(15, 'Arpía'),
(16, 'Arquero'),
(17, 'Artífice'),
(18, 'Asesino'),
(19, 'Astilla'),
(20, 'Atog'),
(21, 'Avatar'),
(22, 'Ave'),
(23, 'Azra'),
(24, 'Babosa'),
(25, 'Ballena'),
(26, 'Bárbaro'),
(27, 'Basilisco'),
(28, 'Beeble'),
(29, 'Berserker'),
(30, 'Bestia'),
(31, 'Bribón'),
(32, 'Buey'),
(33, 'Caballero'),
(34, 'Caballo'),
(35, 'Cabra'),
(36, 'Cadáver'),
(37, 'Calamar'),
(38, 'Camárido'),
(39, 'Cambiahechizos'),
(40, 'Camello'),
(41, 'Cangrejo'),
(42, 'Caribú'),
(43, 'Cazador-nocturno'),
(44, 'Cefálido'),
(45, 'Centauro'),
(46, 'Chacal'),
(47, 'Chamán'),
(48, 'Cíclope'),
(49, 'Cieno'),
(50, 'Ciudadano'),
(51, 'Clérigo'),
(52, 'Cobarde'),
(53, 'Cocatriz'),
(54, 'Cocodrilo'),
(55, 'Conejo'),
(56, 'Consejero'),
(57, 'Constructo'),
(58, 'Dauti'),
(59, 'Deidad'),
(60, 'Demonio'),
(61, 'Desertor'),
(62, 'Destructor'),
(63, 'Diablillo'),
(64, 'Diablo'),
(65, 'Dinosaurio'),
(66, 'Djinn'),
(67, 'Draco'),
(68, 'Dragón'),
(69, 'Dríada'),
(70, 'Druida'),
(71, 'Efrit'),
(72, 'Ejército'),
(73, 'Eldrazi'),
(74, 'Elefante'),
(75, 'Elemental'),
(76, 'Elfo'),
(77, 'Enano'),
(78, 'Encarnación'),
(79, 'Engendro'),
(80, 'Escorpión'),
(81, 'Escultura'),
(82, 'Esfinge'),
(83, 'Espantapájaros'),
(84, 'Espectro'),
(85, 'Espíritu'),
(86, 'Esponja'),
(87, 'Esqueleto'),
(88, 'Estrella-de-mar'),
(89, 'Etergénito'),
(90, 'Explorador'),
(91, 'Extraño'),
(92, 'Felino'),
(93, 'Fénix'),
(94, 'Fragmentado'),
(95, 'Gárgola'),
(96, 'Germen'),
(97, 'Gigante'),
(98, 'Glotón'),
(99, 'Gnomo'),
(100, 'Gólem'),
(101, 'Gorgona'),
(102, 'Gremlin'),
(103, 'Grifo'),
(104, 'Guerrero'),
(105, 'Gusano'),
(106, 'Hada'),
(107, 'Hechicero'),
(108, 'Hidra'),
(109, 'Hiena'),
(110, 'Hipogrifo'),
(111, 'Hipopótamo'),
(112, 'Homárido'),
(113, 'Homúnculo'),
(114, 'Hongo'),
(115, 'Horror'),
(116, 'Huevo'),
(117, 'Humano'),
(118, 'Hurón'),
(119, 'Ilusión'),
(120, 'Infernal'),
(121, 'Insecto'),
(122, 'Jabalí'),
(123, 'Kavu'),
(124, 'Kirin'),
(125, 'Kithkin'),
(126, 'Kóbold'),
(127, 'Kor'),
(128, 'Kraken'),
(129, 'Lagarto'),
(130, 'Lamia'),
(131, 'Lammasu'),
(132, 'Leviatán'),
(133, 'Lhurgoyf'),
(134, 'Licántropo'),
(135, 'Lícido'),
(136, 'Lobo'),
(137, 'Magistrado'),
(138, 'Mangosta'),
(139, 'Mantícora'),
(140, 'Marta'),
(141, 'Masticore'),
(142, 'Medusa'),
(143, 'Mercenario'),
(144, 'Metabolizador'),
(145, 'Metamorfo'),
(146, 'Metathrán'),
(147, 'Minotauro'),
(148, 'Místico'),
(149, 'Monje'),
(150, 'Murciélago'),
(151, 'Muro'),
(152, 'Mutante'),
(153, 'Myr'),
(154, 'Naga'),
(155, 'Nautilo'),
(156, 'Nefilim'),
(157, 'Ninfa'),
(158, 'Ninja'),
(159, 'Noggle'),
(160, 'Nómada'),
(161, 'Ogro'),
(162, 'Ojo'),
(163, 'Operario'),
(164, 'Orbe'),
(165, 'Orco'),
(166, 'Orgg'),
(167, 'Oso'),
(168, 'Ostra'),
(169, 'Oufé'),
(170, 'Oveja'),
(171, 'Pangolín'),
(172, 'Pegaso'),
(173, 'Pentavita'),
(174, 'Perforador'),
(175, 'Perro'),
(176, 'Pesadilla'),
(177, 'Pez'),
(178, 'Phelddagrif'),
(179, 'Piloto'),
(180, 'Pirata'),
(181, 'Plaga'),
(182, 'Planta'),
(183, 'Polilla-titilante'),
(184, 'Portador'),
(185, 'Primate'),
(186, 'Prisma'),
(187, 'Pueblo-arbóreo'),
(188, 'Pueblo-lunar'),
(189, 'Pulpo'),
(190, 'Quimera'),
(191, 'Rana'),
(192, 'Rata'),
(193, 'Rebelde'),
(194, 'Reflejo'),
(195, 'Rinoceronte'),
(196, 'Saga'),
(197, 'Salamandra'),
(198, 'Samurái'),
(199, 'Sanguijuela'),
(200, 'Saprolín'),
(201, 'Sátiro'),
(202, 'Serpiente'),
(203, 'Servo'),
(204, 'Sicario'),
(205, 'Sierpe'),
(206, 'Siervo'),
(207, 'Simio'),
(208, 'Sirena'),
(209, 'Slit'),
(210, 'Superviviente'),
(211, 'Soldado'),
(212, 'Soltari'),
(213, 'Sombra'),
(214, 'Surrakar'),
(215, 'Talako'),
(216, 'Tejón'),
(217, 'Tenaza'),
(218, 'Tetravita'),
(219, 'Thrull'),
(220, 'Topo'),
(221, 'Tóptero'),
(222, 'Tortuga'),
(223, 'Traficante'),
(224, 'Trasgo'),
(225, 'Trisquelavita'),
(226, 'Tritón'),
(227, 'Trilobites'),
(228, 'Trol'),
(229, 'Unicornio'),
(230, 'Uro'),
(231, 'Vampiro'),
(232, 'Vástago'),
(233, 'Vedalken'),
(234, 'Viashino'),
(235, 'Víbora'),
(236, 'Vólver'),
(237, 'Wombat'),
(238, 'Yerbamala'),
(239, 'Yeti'),
(240, 'Zángano'),
(241, 'Zombie'),
(242, 'Zorro'),
(243, 'Zubera');

-- --------------------------------------------------------

--
-- Estructura de tabla para la tabla `usuarios`
--

DROP TABLE IF EXISTS `usuarios`;
CREATE TABLE `usuarios` (
  `id` int(11) NOT NULL,
  `nombre` varchar(100) NOT NULL,
  `correo` varchar(100) NOT NULL,
  `contraseña` varchar(255) NOT NULL
) ENGINE=InnoDB DEFAULT CHARSET=utf8mb4 COLLATE=utf8mb4_general_ci;

--
-- Volcado de datos para la tabla `usuarios`
--

INSERT INTO `usuarios` (`id`, `nombre`, `correo`, `contraseña`) VALUES
(1, 'Hugo', 'hugobojmunoz2003@gmail.com', '$2y$10$krnJxplc0diynmQ.8UFl9uz07Y.F8ODPszqOhR8uu/V6yJYrPdbAq'),
(2, 'Luna Torres', 'lunatorres@gmail.com', '$2y$10$srDziqsbWRIXkhDgmmsvJ.OZuja0ki2aWwyyNiKV4px5P/AE9yO9m'),
(3, 'Mateo Rivas', 'mateorivas@gmail.com', '$2y$10$iwdPKk/HDdzkDLDRTM1FS.Vzs/q8EPm8RdU1S0qKZ1KWUKJQMLAC2'),
(4, 'Valentina Mora', 'valentinamora@gmail.com', '$2y$10$AOJja1qLT993EIiqfxe/5.vPdDJE9CGrJNJfVCsstwIyXSaa5E5uu'),
(5, 'Tomás Delgado', 'tomásdelgado@gmail.com', '$2y$10$PdH7vEJ6WDTj4UMNpixs5eV36EstMVds/bZJi2HavUXTiw4NvbZXy'),
(6, 'Sofía Nieto', 'sofíanieto@gmail.com', '$2y$10$w/vmkyWErU7FzWDORE75ru4fwu9SN8TJSMSoZUxMgtePKiHnheA5u'),
(7, 'Leo Castillo', 'leocastillo@gmail.com', '$2y$10$hX6DasrDD0huqbEZETfQzOpsBToSd3.aeKBWUkCLmTlxzL1LaVhpW'),
(8, 'Isabela Cruz', 'isabelacruz@gmail.com', '$2y$10$wIltJDip2GpEfPx/f9t5ou9KjT3XkQPAgrIclS069grjzB5sUOoBa'),
(9, 'Gael Herrera', 'gaelherrera@gmail.com', '$2y$10$QrW2dRIhV4RjNyCPz3wBkeOgmusPye09jL5s6P2V09MgBjbCosnwu'),
(10, 'Camila Peña', 'camilapeña@gmail.com', '$2y$10$mxn1z3YArKT4ckn6FyNOouhrp6/x/L2SzoJe.42npu2a8TQFBE/ei'),
(11, 'Emilio Vargas', 'emiliovargas@gmail.com', '$2y$10$hgv4Sdr6NDevzhIg7qV4Ee40777WeQbIjYoazUOfxK0tp89UA9x86'),
(12, 'Martina Reyes', 'martinareyes@gmail.com', '$2y$10$.WKKtl34pIkD5u676seejOT00YUBlNG4Uug741QJhLlEtZg/P4Ane'),
(13, 'Lucas Navarro', 'lucasnavarro@gmail.com', '$2y$10$S6Ledq9bXEPcuamsbQ.tS.XborXWowB8WPSViFPKKGzizW6wj3.LK'),
(14, 'Emilia Solís', 'emiliasolís@gmail.com', '$2y$10$6ORDDZfU40t1XYIW4.MVoezj84hRpKXO/HgBS2Y73MRQz90AUOzHC'),
(15, 'Diego Lozano', 'diegolozano@gmail.com', '$2y$10$Gz59jdoaaezhNmHhegPKmOj1OxCLXm.Hc4ha/MxMmipvfG63/0eEe'),
(16, 'Renata Paredes', 'renataparedes@gmail.com', '$2y$10$HMFgOQr/gpx5EeVB4q6HPuXOADvgz5ut0pZblvqhoj4MaOksDisS6'),
(17, 'Thiago Fuentes', 'thiagofuentes@gmail.com', '$2y$10$KgszxrYfQFwb02exHHTSdeO3wjDtOxtLAJE6WPT74s/GjaaGZV3h2'),
(18, 'Alejandra Ibáñez', 'alejandraibáñez@gmail.com', '$2y$10$syvzasS1trnuBnkVHf9i2.TNmxDSI5Wli/u2PPT.LFW31w6W2wXAe'),
(19, 'David Bravo', 'davidbravo@gmail.com', '$2y$10$B6jGqVH5lfPNEqajHmMU7.nm2vGsOlAjuopj04iVNxxU3EE/NFLii'),
(20, 'Paulina Méndez', 'paulinaméndez@gmail.com', '$2y$10$kL08w5vrRamGW4ZZ9BKAA.QjP8LH722MO.jzuVB8HOdx65pZ0hOAi');

-- --------------------------------------------------------

--
-- Estructura de tabla para la tabla `ventas`
--

DROP TABLE IF EXISTS `ventas`;
CREATE TABLE `ventas` (
  `id` int(11) NOT NULL,
  `id_vendedor` int(11) NOT NULL,
  `id_comprador` int(11) NOT NULL,
  `id_carta` int(11) NOT NULL,
  `fecha_compra` date NOT NULL,
  `precio` decimal(10,2) NOT NULL
) ENGINE=InnoDB DEFAULT CHARSET=utf8mb4 COLLATE=utf8mb4_general_ci;

--
-- Índices para tablas volcadas
--

--
-- Indices de la tabla `cartas`
--
ALTER TABLE `cartas`
  ADD PRIMARY KEY (`id`),
  ADD KEY `tipo_carta` (`tipo_carta`);

--
-- Indices de la tabla `cartas_en_venta`
--
ALTER TABLE `cartas_en_venta`
  ADD PRIMARY KEY (`id`),
  ADD KEY `id_carta` (`id_carta`),
  ADD KEY `id_vendedor` (`id_vendedor`);

--
-- Indices de la tabla `cartas_habilidades`
--
ALTER TABLE `cartas_habilidades`
  ADD PRIMARY KEY (`id_carta`,`id_habilidad`),
  ADD KEY `id_habilidad` (`id_habilidad`);

--
-- Indices de la tabla `cartas_tipos_criatura`
--
ALTER TABLE `cartas_tipos_criatura`
  ADD PRIMARY KEY (`id_carta`,`id_tipo_criatura`),
  ADD KEY `id_tipo_criatura` (`id_tipo_criatura`);

--
-- Indices de la tabla `comentarios`
--
ALTER TABLE `comentarios`
  ADD PRIMARY KEY (`id`),
  ADD KEY `id_comentado` (`id_comentado`),
  ADD KEY `id_comentador` (`id_comentador`);

--
-- Indices de la tabla `habilidades`
--
ALTER TABLE `habilidades`
  ADD PRIMARY KEY (`id`);

--
-- Indices de la tabla `tipo_carta`
--
ALTER TABLE `tipo_carta`
  ADD PRIMARY KEY (`id_habilidad`);

--
-- Indices de la tabla `tipo_criatura`
--
ALTER TABLE `tipo_criatura`
  ADD PRIMARY KEY (`id`);

--
-- Indices de la tabla `usuarios`
--
ALTER TABLE `usuarios`
  ADD PRIMARY KEY (`id`);

--
-- Indices de la tabla `ventas`
--
ALTER TABLE `ventas`
  ADD PRIMARY KEY (`id`),
  ADD KEY `id_vendedor` (`id_vendedor`),
  ADD KEY `id_comprador` (`id_comprador`),
  ADD KEY `id_carta` (`id_carta`);

--
-- AUTO_INCREMENT de las tablas volcadas
--

--
-- AUTO_INCREMENT de la tabla `cartas`
--
ALTER TABLE `cartas`
  MODIFY `id` int(11) NOT NULL AUTO_INCREMENT, AUTO_INCREMENT=256;

--
-- AUTO_INCREMENT de la tabla `cartas_en_venta`
--
ALTER TABLE `cartas_en_venta`
  MODIFY `id` int(11) NOT NULL AUTO_INCREMENT, AUTO_INCREMENT=1902;

--
-- AUTO_INCREMENT de la tabla `comentarios`
--
ALTER TABLE `comentarios`
  MODIFY `id` int(11) NOT NULL AUTO_INCREMENT;

--
-- AUTO_INCREMENT de la tabla `habilidades`
--
ALTER TABLE `habilidades`
  MODIFY `id` int(11) NOT NULL AUTO_INCREMENT, AUTO_INCREMENT=16;

--
-- AUTO_INCREMENT de la tabla `tipo_carta`
--
ALTER TABLE `tipo_carta`
  MODIFY `id_habilidad` int(11) NOT NULL AUTO_INCREMENT, AUTO_INCREMENT=8;

--
-- AUTO_INCREMENT de la tabla `tipo_criatura`
--
ALTER TABLE `tipo_criatura`
  MODIFY `id` int(11) NOT NULL AUTO_INCREMENT, AUTO_INCREMENT=244;

--
-- AUTO_INCREMENT de la tabla `usuarios`
--
ALTER TABLE `usuarios`
  MODIFY `id` int(11) NOT NULL AUTO_INCREMENT, AUTO_INCREMENT=24;

--
-- AUTO_INCREMENT de la tabla `ventas`
--
ALTER TABLE `ventas`
  MODIFY `id` int(11) NOT NULL AUTO_INCREMENT;

--
-- Restricciones para tablas volcadas
--

--
-- Filtros para la tabla `cartas`
--
ALTER TABLE `cartas`
  ADD CONSTRAINT `cartas_ibfk_1` FOREIGN KEY (`tipo_carta`) REFERENCES `tipo_carta` (`id_habilidad`) ON DELETE CASCADE ON UPDATE CASCADE;

--
-- Filtros para la tabla `cartas_en_venta`
--
ALTER TABLE `cartas_en_venta`
  ADD CONSTRAINT `cartas_en_venta_ibfk_1` FOREIGN KEY (`id_carta`) REFERENCES `cartas` (`id`) ON DELETE CASCADE ON UPDATE CASCADE,
  ADD CONSTRAINT `cartas_en_venta_ibfk_2` FOREIGN KEY (`id_vendedor`) REFERENCES `usuarios` (`id`);

--
-- Filtros para la tabla `cartas_habilidades`
--
ALTER TABLE `cartas_habilidades`
  ADD CONSTRAINT `cartas_habilidades_ibfk_1` FOREIGN KEY (`id_carta`) REFERENCES `cartas` (`id`) ON DELETE CASCADE ON UPDATE CASCADE,
  ADD CONSTRAINT `cartas_habilidades_ibfk_2` FOREIGN KEY (`id_habilidad`) REFERENCES `habilidades` (`id`) ON DELETE CASCADE ON UPDATE CASCADE;

--
-- Filtros para la tabla `cartas_tipos_criatura`
--
ALTER TABLE `cartas_tipos_criatura`
  ADD CONSTRAINT `cartas_tipos_criatura_ibfk_1` FOREIGN KEY (`id_carta`) REFERENCES `cartas` (`id`) ON DELETE CASCADE ON UPDATE CASCADE,
  ADD CONSTRAINT `cartas_tipos_criatura_ibfk_2` FOREIGN KEY (`id_tipo_criatura`) REFERENCES `tipo_criatura` (`id`) ON DELETE CASCADE ON UPDATE CASCADE;

--
-- Filtros para la tabla `comentarios`
--
ALTER TABLE `comentarios`
  ADD CONSTRAINT `comentarios_ibfk_1` FOREIGN KEY (`id_comentado`) REFERENCES `usuarios` (`id`) ON UPDATE CASCADE,
  ADD CONSTRAINT `comentarios_ibfk_2` FOREIGN KEY (`id_comentador`) REFERENCES `usuarios` (`id`) ON UPDATE CASCADE;

--
-- Filtros para la tabla `ventas`
--
ALTER TABLE `ventas`
  ADD CONSTRAINT `ventas_ibfk_1` FOREIGN KEY (`id_vendedor`) REFERENCES `usuarios` (`id`) ON UPDATE CASCADE,
  ADD CONSTRAINT `ventas_ibfk_2` FOREIGN KEY (`id_comprador`) REFERENCES `usuarios` (`id`) ON UPDATE CASCADE,
  ADD CONSTRAINT `ventas_ibfk_3` FOREIGN KEY (`id_carta`) REFERENCES `cartas` (`id`) ON UPDATE CASCADE;
COMMIT;

/*!40101 SET CHARACTER_SET_CLIENT=@OLD_CHARACTER_SET_CLIENT */;
/*!40101 SET CHARACTER_SET_RESULTS=@OLD_CHARACTER_SET_RESULTS */;
/*!40101 SET COLLATION_CONNECTION=@OLD_COLLATION_CONNECTION */;
